"id","create","update","name","describe"
"1","7/5/2020 09:36:51.030977","26/8/2020 00:52:58.953707","本土",
"2","7/5/2020 09:36:51.364771","26/8/2020 00:52:53.368632","正妹",
"3","7/5/2020 09:36:51.719551","26/8/2020 00:52:16.075098","第一人稱",
"4","7/5/2020 09:36:52.042351","27/8/2020 03:30:26.787205","口交",
"5","7/5/2020 09:37:38.836","25/8/2020 04:36:32.101001","制服",
"6","7/5/2020 09:37:39.156896","26/8/2020 00:52:50.776365","獨家推薦",
"7","7/5/2020 09:37:39.512678","26/8/2020 00:52:33.853987","痴女",
"8","7/5/2020 09:37:39.835477","6/8/2020 11:08:56.047798","苗條",
"9","7/5/2020 09:37:40.16838","6/8/2020 11:08:56.045155","業餘",
"10","7/5/2020 09:37:40.535291","25/5/2020 01:39:40.440095","辣妹",
"11","7/5/2020 09:37:40.891071","28/7/2020 23:48:36.965596","角色扮演",
"12","7/5/2020 09:37:41.357782","26/8/2020 00:52:05.669562","自慰",
"13","7/5/2020 09:37:42.201261","10/8/2020 04:29:27.806199","水手服",
"14","7/5/2020 09:37:42.524061","17/8/2020 01:12:08.343163","學生",
"15","7/5/2020 09:37:43.079719","25/8/2020 04:36:54.42114","COSPLAY",
"16","7/5/2020 09:37:42.868848","8/5/2020 04:00:48.888488","女學生",
"17","7/5/2020 09:37:44.113259","6/8/2020 11:08:56.035871","體內射精",
"18","7/5/2020 09:37:44.435061","27/8/2020 03:30:30.62733","接吻",
"19","7/5/2020 09:37:44.779928","25/5/2020 01:41:14.16426","配信専用",
"20","7/5/2020 09:37:45.134984","22/5/2020 00:54:51.034642","345SIMM",
"21","7/5/2020 09:37:48.590846","26/8/2020 00:52:50.773741","歐美",
"22","7/5/2020 09:37:48.924638","26/8/2020 00:51:48.753892","指交",
"23","7/5/2020 09:37:49.269425","17/8/2020 01:10:22.185845","無毛",
"24","7/5/2020 09:37:50.324774","27/8/2020 03:30:26.781745","美少女",
"25","7/5/2020 09:37:51.34714","21/8/2020 02:32:18.282233","玩具",
"26","7/5/2020 09:37:51.713912","25/5/2020 01:17:00.178025","童顏",
"27","7/5/2020 09:37:52.013727","8/5/2020 01:53:04.80346","230ORETD",
"28","7/5/2020 09:37:55.613903","7/8/2020 05:54:28.331755","眼鏡",
"29","7/5/2020 09:37:55.936701","26/8/2020 00:52:53.386469","流出",
"30","7/5/2020 09:37:55.503968","27/8/2020 03:30:07.263126","美乳",
"31","7/5/2020 09:37:57.058452","9/6/2020 00:43:16.42094","性愛攝影",
"32","7/5/2020 09:37:57.414266","27/8/2020 03:30:23.512914","巨乳",
"33","7/5/2020 09:37:59.692074","27/8/2020 03:30:30.641459","日本",
"34","7/5/2020 09:38:00.259721","26/8/2020 00:51:55.001068","素人",
"35","7/5/2020 09:38:01.880877","25/8/2020 04:37:05.063822","美臀",
"36","7/5/2020 09:38:07.704493","17/8/2020 01:11:22.925488","淫語",
"37","7/5/2020 09:38:08.071265","25/5/2020 01:14:52.693224","女教師",
"38","7/5/2020 09:38:08.404095","27/8/2020 03:29:57.594846","69",
"39","7/5/2020 09:38:08.748879","28/7/2020 23:56:16.93207","舔陰",
"40","7/5/2020 09:38:09.515448","27/8/2020 03:30:21.920632","美腿",
"41","7/5/2020 09:38:10.082118","28/7/2020 23:56:18.928643","精液沐浴",
"42","7/5/2020 09:38:10.837757","26/8/2020 00:51:10.936564","手淫",
"43","7/5/2020 09:38:11.171654","25/8/2020 04:37:08.454075","乳交",
"44","7/5/2020 09:38:11.748406","25/5/2020 01:39:58.939951","原始影片",
"45","7/5/2020 09:38:14.03799","26/8/2020 00:51:42.519415","手交",
"46","7/5/2020 09:38:15.061354","25/5/2020 01:24:37.862187","不戴套性愛",
"47","7/5/2020 09:38:18.861003","25/5/2020 01:24:54.856764","皮膚白皙",
"48","7/5/2020 09:38:26.48266","25/5/2020 01:22:42.002458","寢取/戴綠帽",
"49","7/5/2020 09:38:26.850434","8/5/2020 01:29:41.510418","422ION",
"50","7/5/2020 09:38:27.694187","17/8/2020 01:09:43.831013","刺青",
"51","7/5/2020 09:38:28.050967","26/8/2020 00:52:58.96311","無碼",
"52","7/5/2020 09:38:31.084245","21/5/2020 00:58:45.434095","偷窺窺視",
"53","7/5/2020 09:38:31.429033","6/8/2020 11:09:16.504017","人妻",
"54","7/5/2020 09:38:31.79483","24/8/2020 10:14:04.269461","熟女",
"55","7/5/2020 09:38:33.827635","8/5/2020 02:56:16.490448","276KITAIKE",
"56","7/5/2020 09:38:41.418057","20/8/2020 03:15:31.134679","AI換臉",
"57","7/5/2020 09:38:42.162596","20/8/2020 03:15:31.143244","明星臉",
"58","7/5/2020 09:38:42.882151","20/8/2020 03:14:44.722397","短髮",
"59","7/5/2020 09:38:43.628689","26/8/2020 00:51:42.493137","洗澡",
"60","7/5/2020 09:38:44.633191","26/8/2020 00:52:58.94735","主觀視角",
"61","7/5/2020 09:38:45.429698","27/8/2020 03:30:20.197773","OL",
"62","7/5/2020 09:38:47.663348","25/5/2020 01:24:54.846311","AV女演員",
"63","7/5/2020 09:38:52.34445","25/5/2020 01:24:37.854902","熟女/人妻",
"64","7/5/2020 09:38:53.633783","25/5/2020 01:39:50.789061","超VIP",
"65","7/5/2020 09:38:54.341345","25/5/2020 01:16:20.857637","模特兒系",
"66","7/5/2020 09:38:54.989943","26/8/2020 00:51:03.170661","白虎",
"67","7/5/2020 09:38:59.508184","26/8/2020 00:52:50.786963","長髮",
"68","7/5/2020 09:39:02.902319","26/8/2020 00:50:56.997586","SM",
"69","7/5/2020 09:39:05.451743","27/8/2020 03:30:28.442516","潮吹",
"70","7/5/2020 09:39:06.223263","25/5/2020 01:24:05.478588","企劃",
"71","7/5/2020 09:39:07.731455","25/5/2020 01:40:47.64069","300MIUM",
"72","7/5/2020 09:39:11.488152","26/8/2020 00:52:58.972361","做愛",
"73","7/5/2020 09:39:16.454078","27/8/2020 03:30:26.789894","女上位",
"74","7/5/2020 09:39:17.264576","26/8/2020 00:52:33.859684","後背位",
"75","7/5/2020 09:39:20.243881","25/5/2020 01:24:05.48117","電動按摩棒",
"76","7/5/2020 09:39:20.998607","8/5/2020 03:12:56.503415","酒店小姐",
"77","7/5/2020 09:39:21.777124","28/7/2020 23:56:16.908971","口內射精",
"78","7/5/2020 09:39:23.776906","25/5/2020 01:39:01.13264","口交到射",
"79","7/5/2020 09:39:24.699335","7/5/2020 09:39:24.969261","クラブ",
"80","7/5/2020 09:39:28.010717","26/8/2020 00:52:58.969697","無套",
"81","8/5/2020 01:14:33.615841","25/8/2020 04:37:01.417488","按摩棒",
"82","8/5/2020 01:14:33.625833","25/5/2020 01:16:53.796028","貧乳",
"83","8/5/2020 01:14:33.634829","6/8/2020 11:09:00.096265","精飲",
"84","8/5/2020 01:14:33.638826","25/5/2020 01:21:36.274779","30多歲",
"85","8/5/2020 01:26:18.238627","20/8/2020 03:15:35.984596","顏射",
"86","8/5/2020 01:26:18.254617","26/8/2020 00:50:45.197724","姐姐",
"87","8/5/2020 01:26:18.265611","25/5/2020 01:41:14.169232","259LUXU",
"88","8/5/2020 01:26:25.028132","22/5/2020 01:03:43.155127","324SRTD",
"89","8/5/2020 01:26:26.57263","25/5/2020 01:21:32.550164","亂交",
"90","8/5/2020 01:26:26.599613","21/8/2020 02:32:29.248688","女僕",
"91","8/5/2020 01:26:26.619601","7/8/2020 05:54:52.053214","3P",
"92","8/5/2020 01:26:29.324572","25/5/2020 01:23:22.34525","打樁機(體位)",
"93","8/5/2020 01:26:29.347558","25/8/2020 04:36:49.427624","口爆",
"94","8/5/2020 01:26:31.048181","15/7/2020 00:38:56.959588","投稿",
"95","8/5/2020 01:26:42.741087","8/5/2020 01:26:42.742086","ポッチャリ",
"96","8/5/2020 01:26:45.414413","25/5/2020 01:24:44.169162","初次拍攝",
"97","8/5/2020 01:26:45.426406","25/5/2020 01:24:09.482712","女大學生",
"98","8/5/2020 01:26:45.4354","25/5/2020 01:24:44.198796","SIRO",
"99","8/5/2020 01:26:46.902712","25/5/2020 01:23:22.366513","重口味",
"100","8/5/2020 01:26:52.536919","25/5/2020 01:22:18.802392","300NTK",
"101","8/5/2020 01:26:55.506131","25/5/2020 01:15:11.102025","3P·4P",
"102","8/5/2020 01:26:58.244312","22/5/2020 01:04:26.110001","332NAMA",
"103","8/5/2020 01:27:04.686342","8/5/2020 04:01:14.496776","不倫",
"104","8/5/2020 01:27:12.170564","17/8/2020 01:10:14.989947","直播主",
"105","8/5/2020 01:27:14.797194","25/5/2020 03:03:08.584268","清純",
"106","8/5/2020 01:27:16.181707","21/5/2020 00:58:47.176423","黑髮",
"107","8/5/2020 01:27:18.413732","8/5/2020 04:03:02.797212","剃毛/白虎",
"108","8/5/2020 01:27:21.099069","25/8/2020 04:37:08.456769","放尿",
"109","8/5/2020 01:27:23.483279","25/5/2020 01:24:09.490392","獵豔",
"110","8/5/2020 01:27:23.490274","25/5/2020 01:40:37.197348","酒店小姐/妓女",
"111","8/5/2020 01:27:23.494271","25/5/2020 01:24:09.480131","200GANA",
"112","8/5/2020 01:27:24.8037","8/5/2020 01:55:25.492692","428SUKE",
"113","8/5/2020 01:27:26.54842","8/5/2020 02:45:09.344919","328HMDN",
"114","8/5/2020 01:27:26.605386","20/8/2020 03:15:28.238344","車震",
"115","8/5/2020 01:27:27.923802","26/8/2020 00:50:58.533726","深喉",
"116","8/5/2020 01:27:27.933795","8/5/2020 02:06:25.459596","ベスト/オムニバス",
"117","8/5/2020 01:27:30.742205","8/5/2020 02:30:26.538529","女同性戀",
"118","8/5/2020 01:27:38.20209","26/8/2020 00:52:22.70735","偷情",
"119","8/5/2020 01:27:42.311494","26/8/2020 00:52:30.351223","女優",
"120","8/5/2020 01:27:44.05006","6/8/2020 11:09:32.446055","脫衣",
"121","8/5/2020 01:27:44.351874","25/5/2020 01:21:29.479366","曬黑",
"122","8/5/2020 01:27:47.567509","28/7/2020 23:48:25.095467","乳液",
"123","8/5/2020 01:27:47.571506","25/8/2020 04:37:00.011649","按摩",
"124","8/5/2020 01:27:48.601867","26/8/2020 00:52:19.377458","主播",
"125","8/5/2020 01:27:49.980171","8/5/2020 04:43:18.720424","初次無碼",
"126","8/5/2020 01:27:56.167692","8/5/2020 01:27:56.168695","415LAS",
"127","8/5/2020 01:27:57.400065","17/8/2020 01:11:25.856765","口爆?精飲",
"128","8/5/2020 01:28:00.430463","8/5/2020 02:31:37.067386","金髮女孩",
"129","8/5/2020 01:28:07.311723","6/8/2020 11:09:58.178479","印度",
"130","8/5/2020 01:28:07.977704","26/8/2020 00:52:44.127149","拘束",
"131","8/5/2020 01:28:07.983701","8/5/2020 01:36:06.284219","ドラッグ・媚薬",
"132","8/5/2020 01:28:07.990697","8/5/2020 01:55:02.606942","409BZDC",
"133","8/5/2020 01:28:09.48216","25/5/2020 01:23:46.142098","巨尻",
"134","8/5/2020 01:28:09.486157","8/5/2020 02:29:20.424252","立即性交",
"135","8/5/2020 01:28:09.490158","8/5/2020 01:28:09.491154","教練",
"136","8/5/2020 01:28:09.496151","8/5/2020 01:34:55.873708","326PIZ",
"137","8/5/2020 01:28:23.94795","22/5/2020 01:03:50.831607","F罩杯",
"138","8/5/2020 01:28:26.352078","25/5/2020 01:04:48.296735","230OREC",
"139","8/5/2020 01:28:34.51452","25/5/2020 01:21:41.866832","浴衣/和服",
"140","8/5/2020 01:28:37.838545","26/8/2020 00:52:03.186835","偷拍",
"141","8/5/2020 01:28:40.885855","25/5/2020 01:22:21.377754","游泳/學校泳裝",
"142","8/5/2020 01:28:42.970057","7/8/2020 05:54:56.091797","內射",
"143","8/5/2020 01:28:45.917198","22/5/2020 01:03:35.216858","413INST",
"144","8/5/2020 01:28:48.513077","26/8/2020 00:51:42.490314","群交",
"145","8/5/2020 01:28:48.528067","26/8/2020 00:51:48.718957","情趣用品",
"146","8/5/2020 01:28:48.533065","17/8/2020 01:09:40.520848","學生服",
"147","8/5/2020 01:29:02.273072","17/8/2020 01:10:02.989426","混血",
"148","8/5/2020 01:29:02.286063","20/8/2020 03:15:28.292443","特殊體位",
"149","8/5/2020 01:29:07.933787","27/8/2020 03:30:07.254918","肛交",
"150","8/5/2020 01:29:24.138235","25/5/2020 01:21:59.8039","紀錄片",
"151","8/5/2020 01:29:24.142233","25/5/2020 01:21:59.796165","336KNB",
"152","8/5/2020 01:29:31.215409","8/5/2020 04:03:29.390392","言葉責め",
"153","8/5/2020 01:29:34.544812","31/7/2020 00:20:55.177341","母乳",
"154","8/5/2020 01:29:34.562802","25/5/2020 01:21:51.901591","泳裝",
"155","8/5/2020 01:29:34.5658","25/5/2020 01:23:32.208944","20多歲",
"156","8/5/2020 01:29:34.569798","8/5/2020 02:29:38.198818","制服/角色扮演",
"157","8/5/2020 01:29:38.778009","26/8/2020 00:52:50.800368","顏面騎乘",
"158","8/5/2020 01:29:42.550563","6/8/2020 11:09:48.396969","馬尾",
"159","8/5/2020 01:29:45.720332","17/8/2020 01:11:25.859497","異物揷入",
"160","8/5/2020 01:30:04.091918","25/5/2020 01:21:51.896369","乳液、精油",
"161","8/5/2020 01:30:04.095915","25/5/2020 01:15:48.653052","261ARA",
"162","8/5/2020 01:30:13.422406","8/5/2020 01:30:13.423406","326IED",
"163","8/5/2020 01:30:22.538463","25/5/2020 01:40:10.471609","肉感女",
"164","8/5/2020 01:30:27.963448","21/8/2020 02:32:26.282567","韓國",
"165","8/5/2020 01:30:40.434063","22/5/2020 01:04:28.536778","少婦",
"166","8/5/2020 01:30:41.753946","8/5/2020 01:31:16.876254","超色情手淫",
"167","8/5/2020 01:30:41.768937","8/5/2020 02:33:37.615793","ぽちゃ",
"168","8/5/2020 01:30:44.744411","8/5/2020 01:30:44.74541","438PVMB",
"169","8/5/2020 01:30:57.41036","25/5/2020 01:23:05.712825","300MAAN",
"170","8/5/2020 01:31:15.559168","27/8/2020 03:30:26.792585","中出",
"171","8/5/2020 01:31:15.564163","22/5/2020 01:04:22.631933","蘿莉",
"172","8/5/2020 01:31:21.839892","8/5/2020 03:44:38.494815","大奶",
"173","8/5/2020 01:31:21.855882","8/5/2020 01:32:10.7733","435MFC",
"174","8/5/2020 01:31:23.338128","8/5/2020 01:31:23.339128","膝蓋襪子",
"175","8/5/2020 01:31:23.342126","25/5/2020 01:16:51.309674","メガネ",
"176","8/5/2020 01:31:29.760701","8/5/2020 01:44:29.541996","背面騎乘位",
"177","8/5/2020 01:31:29.772694","8/5/2020 01:31:29.773694","阿魯巴",
"178","8/5/2020 01:31:29.778691","8/5/2020 01:44:29.552989","オモチャ・異物挿入",
"179","8/5/2020 01:31:32.771145","8/5/2020 03:44:21.210656","326EVA",
"180","8/5/2020 01:31:47.925871","8/5/2020 01:31:47.92687","326PSZ",
"181","8/5/2020 01:31:51.589947","8/5/2020 02:02:39.485241","處男",
"182","8/5/2020 01:31:53.239069","26/8/2020 00:52:10.853915","模特",
"183","8/5/2020 01:31:55.767897","8/5/2020 01:31:55.768896","神乳",
"184","8/5/2020 01:31:55.782888","25/5/2020 01:04:57.753364","股間性交",
"185","8/5/2020 01:32:10.788288","25/5/2020 01:21:55.483654","高大",
"186","8/5/2020 01:32:16.888967","25/5/2020 01:40:34.078371","女用內衣褲",
"187","8/5/2020 01:32:28.164097","8/5/2020 01:35:30.751342","417SRCN",
"188","8/5/2020 01:32:34.940192","8/5/2020 01:32:34.941191","398CON",
"189","8/5/2020 01:32:52.727754","28/7/2020 23:56:16.914987","模特兒",
"190","8/5/2020 01:32:54.069334","8/5/2020 02:52:08.082437","舔乳頭",
"191","8/5/2020 01:33:07.491766","8/5/2020 01:33:07.492766","335ELDX",
"192","8/5/2020 01:33:31.113732","8/5/2020 03:32:03.598724","性感的",
"193","8/5/2020 01:33:31.116731","8/5/2020 04:47:03.219653","性癖",
"194","8/5/2020 01:33:31.120729","21/8/2020 02:32:29.270002","局部特寫",
"195","8/5/2020 01:33:40.292718","8/5/2020 01:33:40.293718","326KURO",
"196","8/5/2020 01:33:40.299714","8/5/2020 04:47:34.285018","美容按摩",
"197","8/5/2020 01:33:40.30671","28/7/2020 23:56:18.934027","戀屁癖",
"198","8/5/2020 01:33:42.430644","8/5/2020 04:42:52.884802","50路",
"199","8/5/2020 01:33:42.807847","27/8/2020 03:30:28.439761","野外",
"200","8/5/2020 01:33:59.218396","21/5/2020 00:58:41.997639","40多歲",
"201","8/5/2020 01:34:03.391738","8/5/2020 04:01:22.665091","姐姐/姐妹",
"202","8/5/2020 01:34:03.394738","8/5/2020 04:01:19.206451","近親相姦",
"203","8/5/2020 01:34:06.501277","8/5/2020 02:01:20.656246","285ENDX",
"204","8/5/2020 01:34:06.506275","25/5/2020 01:22:21.375123","小便/失禁",
"205","8/5/2020 01:34:18.39454","25/5/2020 01:40:20.40995","出汗",
"206","8/5/2020 01:34:31.229489","8/5/2020 02:48:15.713709","無套內射",
"207","8/5/2020 01:34:35.015418","8/5/2020 01:34:35.016418","436HLM",
"208","8/5/2020 01:34:53.72229","26/8/2020 00:52:50.79223","舐陰",
"209","8/5/2020 01:34:53.729286","21/8/2020 02:32:19.867424","有碼",
"210","8/5/2020 01:34:57.232074","26/8/2020 00:50:43.825854","足交",
"211","8/5/2020 01:35:10.006931","8/5/2020 04:03:29.397388","3P～複数プレイ",
"212","8/5/2020 01:35:10.011927","8/5/2020 01:35:10.012927","顔に精液",
"213","8/5/2020 01:35:17.244929","8/5/2020 01:40:41.355068","230ORE",
"214","8/5/2020 01:35:17.248926","8/5/2020 02:16:10.160957","運動",
"215","8/5/2020 01:35:20.684899","8/5/2020 04:46:15.6179","陰道內影像",
"216","8/5/2020 01:35:26.345563","22/5/2020 01:04:28.528934","孕婦",
"217","8/5/2020 01:35:29.826349","20/8/2020 03:14:47.258355","美尻",
"218","8/5/2020 01:35:30.75534","8/5/2020 01:39:36.402472","羞恥・辱め",
"219","8/5/2020 01:35:30.770331","8/5/2020 01:35:30.771334","野外・露出",
"220","8/5/2020 01:35:31.936444","26/8/2020 00:51:42.4876","FC2",
"221","8/5/2020 01:35:31.947437","27/5/2020 16:44:57.053464","ASMR",
"222","8/5/2020 01:35:36.229948","8/5/2020 01:35:36.230947","369FCTD",
"223","8/5/2020 01:35:44.34165","8/5/2020 02:54:45.158789","不倫/出軌",
"224","8/5/2020 01:36:15.337207","23/7/2020 07:28:34.584744","熱舞",
"225","8/5/2020 01:36:28.749224","23/8/2020 01:06:16.69577","兔女郎",
"226","8/5/2020 01:36:36.226414","8/5/2020 02:02:13.958772","233BAT",
"227","8/5/2020 01:36:38.745921","8/6/2020 00:59:41.775042","同志",
"228","8/5/2020 01:36:51.560055","8/5/2020 02:28:09.110169","圍裙",
"229","8/5/2020 01:36:53.676506","8/5/2020 03:54:26.607678","スチュワーデス・CA",
"230","8/5/2020 01:36:59.971026","8/5/2020 01:36:59.972026","比賽泳裝",
"231","8/5/2020 01:37:01.016556","21/8/2020 02:32:23.352214","野外?露出",
"232","8/5/2020 01:37:04.231173","8/5/2020 04:47:34.288017","各種職業",
"233","8/5/2020 01:37:11.468234","8/5/2020 01:53:52.417339","302GERK",
"234","8/5/2020 01:37:20.610612","26/8/2020 00:52:44.100631","BDSM",
"235","8/5/2020 01:37:29.460749","8/5/2020 01:56:17.28488","泥醉",
"236","8/5/2020 01:37:31.639328","8/5/2020 01:37:31.641326","食物高潮",
"237","8/5/2020 01:37:31.657317","20/8/2020 03:15:35.968041","亂倫",
"238","8/5/2020 01:37:39.591637","8/5/2020 01:37:39.593637","第三性",
"239","8/5/2020 01:37:39.985395","8/5/2020 01:38:46.501949","站立背後位",
"240","8/5/2020 01:37:40.007381","8/5/2020 03:12:10.850788","生はめ",
"241","8/5/2020 01:37:41.35259","8/5/2020 01:37:41.353588","モザイク有り",
"242","8/5/2020 01:37:43.63758","8/5/2020 04:00:45.43925","爛醉如泥的",
"243","8/5/2020 01:37:44.765935","8/5/2020 02:08:42.168067","萬聖節",
"244","8/5/2020 01:37:49.642113","8/5/2020 01:37:49.643113","326KJN",
"245","8/5/2020 01:38:35.837903","8/5/2020 02:06:41.888576","人妻/熟女",
"246","8/5/2020 01:38:37.354353","25/5/2020 03:03:08.586747","雙馬尾",
"247","8/5/2020 01:39:11.069599","25/5/2020 01:21:29.484291","390JAC",
"248","8/5/2020 01:39:20.187361","8/5/2020 03:48:11.664556","ベスト・オムニバス",
"249","8/5/2020 01:39:48.585654","8/5/2020 01:54:45.351847","396BIG",
"250","8/5/2020 01:39:55.659898","25/5/2020 01:17:08.3004","407KAG",
"251","8/5/2020 01:40:04.780541","25/5/2020 01:22:21.380275","其他的戀物癖",
"252","8/5/2020 01:40:04.789536","8/5/2020 04:46:28.875938","277DCV",
"253","8/5/2020 01:40:20.951671","8/5/2020 01:54:45.361841","惡魔",
"254","8/5/2020 01:40:30.924661","8/5/2020 02:06:35.276107","夫婦",
"255","8/5/2020 01:40:49.822731","8/5/2020 02:17:39.332017","淫亂",
"256","8/5/2020 01:41:29.016089","25/5/2020 01:23:54.406014","326SCP",
"257","8/5/2020 01:41:31.998827","25/5/2020 01:40:10.474234","初心",
"258","8/5/2020 01:41:32.002824","25/5/2020 01:40:10.47683","(うぶ)",
"259","8/5/2020 01:41:32.006824","25/5/2020 01:40:10.479461","系",
"260","8/5/2020 01:41:41.207201","25/5/2020 01:23:41.196637","スケベな淫乱淑女",
"261","8/5/2020 01:41:44.459571","21/8/2020 02:32:26.342184","特殊癖好",
"262","8/5/2020 01:42:05.681768","8/5/2020 01:42:05.682767","403OBUT",
"263","8/5/2020 01:42:43.585198","23/7/2020 07:29:21.361801","越南",
"264","8/5/2020 01:42:43.589196","20/8/2020 03:15:09.690573","CCR",
"265","8/5/2020 01:42:44.029948","8/5/2020 02:04:00.417617","299EWDX",
"266","8/5/2020 01:43:10.743442","8/5/2020 04:44:30.419347","淫亂/重口味系",
"267","8/5/2020 01:43:14.937758","25/5/2020 01:22:48.371628","326URF",
"268","8/5/2020 01:43:16.34702","8/5/2020 01:43:16.348019","329EXMU",
"269","8/5/2020 01:43:20.229328","28/5/2020 00:44:32.020153","絲襪",
"270","8/5/2020 01:43:47.566256","8/5/2020 01:44:21.930745","305TRUEX",
"271","8/5/2020 01:44:08.200219","8/5/2020 04:01:22.674085","戲劇",
"272","8/5/2020 01:44:29.549993","8/5/2020 03:49:25.040782","清潔口交",
"273","8/5/2020 01:45:06.686156","8/5/2020 01:45:06.687151","變態",
"274","8/5/2020 01:45:06.691151","8/5/2020 02:36:47.125868","E罩杯",
"275","8/5/2020 01:45:06.701142","8/5/2020 01:45:06.701142","イラマ",
"276","8/5/2020 01:45:12.3966","8/5/2020 01:45:12.3986","高身長グラマラス",
"277","8/5/2020 01:45:15.287529","8/5/2020 01:45:15.288528","亞洲女演員",
"278","8/5/2020 01:45:15.291526","8/5/2020 01:45:15.292527","國外進口",
"279","8/5/2020 01:45:15.300522","8/5/2020 01:45:15.301521","361SEKAO",
"280","8/5/2020 01:45:29.005953","8/5/2020 01:45:29.006952","カルマ",
"281","8/5/2020 01:45:29.009951","8/5/2020 02:53:24.754807","生ハメ",
"282","8/5/2020 01:45:41.430168","8/5/2020 01:45:41.431165","中年男",
"283","8/5/2020 01:45:41.437164","8/5/2020 01:45:41.438164","ムチムチ",
"284","8/5/2020 01:46:13.346104","27/8/2020 03:29:57.588648","空姐",
"285","8/5/2020 01:46:24.098713","25/8/2020 04:36:35.712365","淋浴",
"286","8/5/2020 01:46:24.103709","8/5/2020 01:46:24.103709","砲友",
"287","8/5/2020 01:46:24.120697","8/5/2020 04:03:47.978128","ＯＬ",
"288","8/5/2020 01:46:41.25999","25/5/2020 01:22:16.295381","黑頭髮",
"289","8/5/2020 01:46:41.389472","26/8/2020 00:52:58.960428","自拍",
"290","8/5/2020 01:46:47.980913","8/5/2020 02:05:18.391263","泡泡浴",
"291","8/5/2020 01:47:24.861049","8/5/2020 01:47:24.862048","230ORERB",
"292","8/5/2020 01:47:36.604527","8/5/2020 01:47:36.606526","279UTSU",
"293","8/5/2020 01:48:01.334982","8/5/2020 01:51:21.726634","430MMH",
"294","8/5/2020 01:48:29.201765","8/5/2020 02:41:52.209079","偶像/藝人",
"295","8/5/2020 01:48:30.715827","25/5/2020 01:15:31.274357","可愛系",
"296","8/5/2020 01:48:46.52717","8/5/2020 01:48:46.528169","老闆",
"297","8/5/2020 01:49:21.767215","25/5/2020 01:21:36.264861","緊縛",
"298","8/5/2020 01:49:21.957121","23/7/2020 07:29:50.405515","東南亞",
"299","8/5/2020 01:49:21.961118","2/6/2020 00:51:50.246108","泰國",
"300","8/5/2020 01:49:23.478393","25/5/2020 01:22:42.009587","348NTR",
"301","8/5/2020 01:49:45.871182","31/7/2020 00:09:34.972856","香港",
"302","8/5/2020 01:50:17.068143","8/5/2020 01:50:17.070142","看護師",
"303","8/5/2020 01:50:17.078137","6/8/2020 11:09:36.14836","護士",
"304","8/5/2020 01:50:18.645732","26/8/2020 00:50:45.208011","浴室",
"305","8/5/2020 01:50:18.649729","24/8/2020 10:15:11.101882","浴衣",
"306","8/5/2020 01:50:18.656725","8/5/2020 01:50:18.657725","溫泉",
"307","8/5/2020 01:50:23.934687","8/5/2020 01:50:23.935687","家事",
"308","8/5/2020 01:50:23.938685","8/5/2020 01:50:23.939684","裸族",
"309","8/5/2020 01:50:51.096501","8/5/2020 03:49:32.485591","辣妹系",
"310","8/5/2020 01:51:07.712782","8/5/2020 01:51:11.214812","371AHSHIRO",
"311","8/5/2020 01:51:07.725772","8/5/2020 02:04:13.549128","媽媽",
"312","8/5/2020 01:51:21.717641","8/5/2020 01:51:21.71864","曬痕",
"313","8/5/2020 01:51:23.897893","7/8/2020 05:56:21.47442","精品資源",
"314","8/5/2020 01:52:06.411525","8/5/2020 02:00:24.43045","聖誕節",
"315","8/5/2020 01:52:11.956126","8/5/2020 01:52:11.957125","しろうと三昧",
"316","8/5/2020 01:52:11.960123","8/5/2020 01:52:11.961123","Asian",
"317","8/5/2020 01:52:11.964121","8/5/2020 01:52:11.965119","パイパン",
"318","8/5/2020 01:52:11.968118","8/5/2020 01:52:11.969119","ティーン",
"319","8/5/2020 01:52:11.971117","8/5/2020 01:52:11.972117","Teen",
"320","8/5/2020 01:52:26.351993","8/5/2020 01:52:26.352992","日式房間",
"321","8/5/2020 01:52:26.35699","26/7/2020 23:56:49.174882","和服",
"322","8/5/2020 01:52:38.933747","8/5/2020 02:59:01.84447","野外性交",
"323","8/5/2020 01:52:40.017046","25/5/2020 03:00:41.296135","視訊寫真",
"324","8/5/2020 01:52:44.287123","8/5/2020 02:26:37.18834","綁縛",
"325","8/5/2020 01:52:46.092593","25/5/2020 01:04:57.75644","蘿莉系",
"326","8/5/2020 01:53:01.933424","8/5/2020 01:53:01.934436","大神",
"327","8/5/2020 01:53:04.424697","8/5/2020 01:53:04.425696","網曝門",
"328","8/5/2020 01:53:17.228589","8/5/2020 01:53:17.229589","384SHSS",
"329","8/5/2020 01:53:42.022086","8/5/2020 01:57:00.045009","腳交",
"330","8/5/2020 01:53:55.03084","8/5/2020 01:53:55.031839","播報員",
"331","8/5/2020 01:54:00.882336","8/5/2020 01:54:00.883336","無套長髮",
"332","8/5/2020 01:54:44.205293","20/8/2020 03:15:33.616649","大屌",
"333","8/5/2020 01:55:08.732196","25/5/2020 01:21:26.327874","屁股",
"334","8/5/2020 01:55:25.505684","8/5/2020 04:45:37.716982","G罩杯",
"335","8/5/2020 01:55:28.746857","27/8/2020 03:30:26.79808","御姐",
"336","8/5/2020 01:55:28.750855","26/8/2020 00:52:50.794959","騎乘位",
"337","8/5/2020 01:55:42.101372","8/5/2020 02:05:18.421243","洗体",
"338","8/5/2020 01:55:42.106367","8/5/2020 01:55:42.107367","マット",
"339","8/5/2020 01:55:42.110365","25/5/2020 01:41:40.673905","体内射精",
"340","8/5/2020 01:55:42.117361","8/5/2020 03:55:30.047962","股间性交",
"341","8/5/2020 01:55:42.127354","26/8/2020 00:51:12.726752","舔阴",
"342","8/5/2020 01:55:42.137348","8/5/2020 04:03:54.553587","后背位",
"343","8/5/2020 01:55:42.144344","25/5/2020 01:39:58.942579","贫乳",
"344","8/5/2020 01:55:44.749447","24/8/2020 10:14:32.925202","女教师",
"345","8/5/2020 01:55:44.769435","27/8/2020 03:30:16.946531","清纯",
"346","8/5/2020 01:55:44.773434","8/5/2020 01:55:44.774433","外送小姐",
"347","8/5/2020 01:55:47.148737","25/8/2020 04:36:43.874441","颜射",
"348","8/5/2020 01:55:47.157734","25/5/2020 01:41:14.154397","业馀",
"349","8/5/2020 01:55:47.164727","25/5/2020 01:40:13.255259","性爱摄影",
"350","8/5/2020 01:55:47.171723","25/5/2020 01:41:14.166743","独家推荐",
"351","8/5/2020 01:55:47.179719","25/5/2020 01:17:13.937619","初次拍摄",
"352","8/5/2020 01:55:48.579731","25/5/2020 01:39:05.108876","电动按摩棒",
"353","8/5/2020 01:55:59.16524","26/8/2020 00:52:44.109496","淫蕩",
"354","8/5/2020 01:56:08.668525","25/5/2020 01:39:56.396045","AV女演员",
"355","8/5/2020 01:56:08.698506","8/5/2020 01:56:08.699505","不戴套性",
"356","8/5/2020 01:56:12.236784","8/5/2020 01:56:12.237783","じゅーだい(10代)で",
"357","8/5/2020 01:56:17.111987","8/5/2020 01:56:17.112987","ロボット",
"358","8/5/2020 01:56:17.123978","25/5/2020 01:39:56.393499","口内射精",
"359","8/5/2020 01:56:17.132973","25/5/2020 01:39:50.791483","女仆",
"360","8/5/2020 01:56:31.2854","27/8/2020 03:30:07.249672","苗条",
"361","8/5/2020 01:56:31.292394","27/8/2020 03:30:05.79476","猎艳",
"362","8/5/2020 01:56:31.299391","25/5/2020 01:40:43.263436","偷窥窥视",
"363","8/5/2020 01:56:37.55982","25/5/2020 01:40:53.301331","女大学生",
"364","8/5/2020 01:56:44.107826","25/5/2020 01:40:13.24526","不戴套性爱",
"365","8/5/2020 01:56:44.115822","25/5/2020 01:40:13.250229","皮肤白皙",
"366","8/5/2020 01:56:44.120819","8/5/2020 03:44:43.147048","萝莉系",
"367","8/5/2020 01:56:44.128815","25/5/2020 01:40:13.257748","黑头发",
"368","8/5/2020 01:56:52.215043","8/5/2020 01:56:52.216042","きわどい下着",
"369","8/5/2020 01:57:01.655625","8/5/2020 02:07:58.833393","AI破壞版",
"370","8/5/2020 01:57:05.091017","10/8/2020 04:30:41.583542","迷你裙",
"371","8/5/2020 01:57:05.10102","8/5/2020 01:57:05.10201","326INS",
"372","8/5/2020 01:57:15.60915","8/5/2020 03:44:50.911105","旅行",
"373","8/5/2020 01:57:31.907619","8/5/2020 01:57:31.90862","素人熟女",
"374","8/5/2020 01:57:31.911618","8/5/2020 01:57:31.912617","かわいいあえぎ声",
"375","8/5/2020 01:57:35.804909","23/7/2020 07:26:24.18243","女性向",
"376","8/5/2020 01:57:37.292754","8/5/2020 03:44:04.544723","326SPOR",
"377","8/5/2020 01:57:40.347643","8/5/2020 02:21:59.426735","じゅーだい(10代)でEカップ以上",
"378","8/5/2020 01:57:46.787092","8/5/2020 02:55:54.755411","戶外露出",
"379","8/5/2020 01:58:02.892657","26/8/2020 00:51:51.3017","胸射",
"380","8/5/2020 01:58:02.896655","8/5/2020 01:58:02.897653","AVデビュー",
"381","8/5/2020 01:58:24.43364","8/5/2020 01:58:24.434641","黒髪ショートヘア",
"382","8/5/2020 01:58:59.984487","8/5/2020 01:58:59.985484","326JTR",
"383","8/5/2020 01:59:32.57609","8/5/2020 02:10:24.977492","292MY",
"384","8/5/2020 01:59:41.51287","8/5/2020 03:24:05.358858","美女/美人",
"385","8/5/2020 02:00:23.056839","8/5/2020 02:00:23.056839","326CAN",
"386","8/5/2020 02:00:24.41546","28/7/2020 23:56:33.171522","換臉",
"387","8/5/2020 02:01:04.814297","25/5/2020 01:41:16.440553","岳母",
"388","8/5/2020 02:01:04.835285","25/5/2020 01:40:37.194771","單體作品",
"389","8/5/2020 02:01:04.84228","8/5/2020 02:04:13.532141","正太",
"390","8/5/2020 02:01:04.855272","25/5/2020 01:40:27.049576","簡體中文",
"391","8/5/2020 02:01:08.373735","8/5/2020 02:01:08.374735","402MNTJ",
"392","8/5/2020 02:01:37.517564","8/5/2020 02:01:37.518563","401SRHO",
"393","8/5/2020 02:01:45.227399","8/5/2020 02:01:45.227399","210AKO",
"394","8/5/2020 02:01:46.90283","8/5/2020 02:01:46.90283","遭人睡走",
"395","8/5/2020 02:01:54.947853","8/5/2020 03:18:00.278105","326MTP",
"396","8/5/2020 02:02:05.80377","26/8/2020 00:52:16.072409","足",
"397","8/5/2020 02:02:22.246917","8/5/2020 02:02:22.246917","新婚少婦",
"398","8/5/2020 02:02:33.187152","8/5/2020 03:29:42.735045","4P",
"399","8/5/2020 02:02:33.19115","8/5/2020 02:02:33.19215","蒙眼",
"400","8/5/2020 02:02:33.206141","8/5/2020 02:02:33.20714","スワッピング",
"401","8/5/2020 02:02:39.49124","8/5/2020 03:24:56.350102","筆おろし",
"402","8/5/2020 02:02:39.496236","8/5/2020 02:02:39.496236","チェリーボーイ",
"403","8/5/2020 02:03:26.666807","8/5/2020 02:03:26.667806","妄想族",
"404","8/5/2020 02:03:49.19518","8/5/2020 02:34:30.363185","ドラッグ?媚薬",
"405","8/5/2020 02:03:58.107642","8/5/2020 02:32:25.485254","女傭",
"406","8/5/2020 02:04:00.421615","25/5/2020 01:40:37.189541","巨乳控",
"407","8/5/2020 02:04:11.004142","8/5/2020 02:57:21.803396","套裝",
"408","8/5/2020 02:04:11.016135","8/5/2020 02:04:11.017134","綺麗系",
"409","8/5/2020 02:04:11.020133","8/5/2020 02:04:11.021132","タイトスカート",
"410","8/5/2020 02:04:32.619866","8/5/2020 04:47:03.205662","SEX",
"411","8/5/2020 02:04:32.624867","8/5/2020 04:47:03.213657","RECRUITER",
"412","8/5/2020 02:05:30.201949","8/5/2020 04:00:54.122768","惡作劇",
"413","8/5/2020 02:05:32.886398","8/5/2020 02:53:24.761803","ペルセポネ",
"414","8/5/2020 02:05:39.607703","20/8/2020 03:15:28.23294","69式",
"415","8/5/2020 02:06:31.771107","8/5/2020 03:11:27.067003","実録/ドキュメンタリー",
"416","8/5/2020 02:06:35.279105","8/5/2020 02:06:35.280105","326KMTU",
"417","8/5/2020 02:06:52.43788","26/8/2020 00:52:00.349522","警察",
"418","8/5/2020 02:06:54.580118","8/5/2020 02:07:32.312529","427MMH",
"419","8/5/2020 02:06:54.608102","8/5/2020 02:11:38.041101","獨家",
"420","8/5/2020 02:06:55.291033","8/5/2020 02:06:55.292032","具乳",
"421","8/5/2020 02:07:10.09804","8/5/2020 02:07:10.100037","複数",
"422","8/5/2020 02:07:22.667949","8/5/2020 02:07:22.668948","原",
"423","8/5/2020 02:07:27.758765","8/5/2020 02:07:27.759764","SIR",
"424","8/5/2020 02:08:04.745984","8/5/2020 02:08:24.812528","248DDG",
"425","8/5/2020 02:08:37.088745","8/5/2020 02:08:37.089744","酒",
"426","8/5/2020 02:08:37.092742","8/5/2020 02:08:37.093742","合コン",
"427","8/5/2020 02:09:22.754793","7/8/2020 05:55:38.81473","男友視角",
"428","8/5/2020 02:09:29.223759","10/6/2020 00:48:44.559457","哺乳",
"429","8/5/2020 02:09:44.22364","22/5/2020 01:03:53.910682","ベスト?オムニバス",
"430","8/5/2020 02:09:49.940091","8/5/2020 02:09:49.94109","サンタ",
"431","8/5/2020 02:09:49.944089","8/5/2020 02:14:34.678672","聖誕節特輯",
"432","8/5/2020 02:09:57.229464","25/5/2020 01:22:48.369039","賣淫",
"433","8/5/2020 02:10:48.020594","8/5/2020 02:10:48.021593","台灣",
"434","8/5/2020 02:11:38.050096","25/5/2020 01:15:02.251004","326JKK",
"435","8/5/2020 02:11:52.471781","8/5/2020 03:38:01.149581","影片标籤",
"436","8/5/2020 02:11:52.476778","8/5/2020 04:47:34.319997",":",
"437","8/5/2020 02:11:59.078486","26/8/2020 00:52:44.112014","調教",
"438","8/5/2020 02:12:22.109511","8/5/2020 02:12:22.110511","クォーター",
"439","8/5/2020 02:12:22.113509","8/5/2020 03:29:42.738043","3連発",
"440","8/5/2020 02:12:53.882797","8/5/2020 02:41:52.220074","326AID",
"441","8/5/2020 02:14:08.149301","8/5/2020 02:14:08.150301","綁帶內褲",
"442","8/5/2020 02:14:08.156297","8/5/2020 02:14:08.157296","尻文字",
"443","8/5/2020 02:17:41.524629","8/5/2020 02:17:41.525628","385BNJC",
"444","8/5/2020 02:17:55.823303","8/5/2020 02:17:55.824302","第一人生",
"445","8/5/2020 02:17:57.981287","8/5/2020 04:43:54.755686","絲襪/網襪",
"446","8/5/2020 02:24:02.046622","8/5/2020 02:42:03.975079","大尺度寫真",
"447","8/5/2020 02:24:19.409069","8/5/2020 02:24:19.410069","喝尿",
"448","8/5/2020 02:24:58.634626","8/5/2020 03:22:29.395664","10代",
"449","8/5/2020 02:26:16.160978","25/5/2020 01:17:08.297809","巨根/大屌",
"450","8/5/2020 02:26:37.175347","8/5/2020 03:55:15.724954","ＳＭ",
"451","8/5/2020 02:26:49.832363","21/8/2020 02:32:20.159329","敏感",
"452","8/5/2020 02:29:31.454721","8/5/2020 02:29:31.45572","異物",
"453","8/5/2020 02:30:23.51318","8/5/2020 03:45:05.524826","巨乳/爆乳/超巨乳",
"454","8/5/2020 02:30:30.787302","8/5/2020 02:50:48.303702","ヤリマンギャルビッチ！",
"455","8/5/2020 02:31:16.76592","8/5/2020 03:34:44.939495","毛",
"456","8/5/2020 02:31:16.775914","8/5/2020 02:31:16.776914","肉便器",
"457","8/5/2020 02:31:16.779912","8/5/2020 03:34:44.965479","ケツ毛",
"458","8/5/2020 02:31:58.789242","8/5/2020 02:31:58.790241","萬聖節特輯",
"459","8/5/2020 02:32:27.917155","8/5/2020 02:32:27.918153","女醫生",
"460","8/5/2020 02:33:37.597802","27/8/2020 03:30:26.795371","酒店",
"461","8/5/2020 02:33:37.619789","8/5/2020 02:33:37.620789","トイレ",
"462","8/5/2020 02:34:27.82471","25/5/2020 01:41:49.117841","淫语",
"463","8/5/2020 02:34:27.843697","8/5/2020 02:34:27.844697","黑发",
"464","8/5/2020 02:35:31.185232","25/5/2020 01:40:34.070554","羞辱",
"465","8/5/2020 02:35:31.194228","25/5/2020 01:40:34.075784","羞恥",
"466","8/5/2020 02:35:38.181012","8/5/2020 02:35:38.182014","オモチャ異物挿入",
"467","8/5/2020 02:35:53.011734","8/5/2020 02:35:53.012733","伴侶",
"468","8/5/2020 02:35:54.498338","8/5/2020 03:34:12.716537","ハーフ",
"469","8/5/2020 02:35:58.111737","8/5/2020 03:45:07.968561","漏尿",
"470","8/5/2020 02:35:58.117733","8/5/2020 02:35:58.118732","失禁",
"471","8/5/2020 02:36:53.455741","8/5/2020 02:43:42.976203","ノリで乱交！複数プレイにイキ狂い！",
"472","8/5/2020 02:37:21.108136","7/8/2020 05:54:56.080324","美女",
"473","8/5/2020 02:37:24.452271","25/5/2020 01:24:14.75459","しろうとガールズ",
"474","8/5/2020 02:37:24.456268","25/5/2020 01:22:13.813978","フェラ",
"475","8/5/2020 02:38:32.804651","8/5/2020 02:38:32.804651","300NTK誘惑",
"476","8/5/2020 02:38:32.80765","8/5/2020 03:15:23.538344","巨乳咪咪",
"477","8/5/2020 02:38:32.810647","25/5/2020 01:40:50.812839","狂野奔放",
"478","8/5/2020 02:38:32.8147","8/5/2020 04:00:12.030572","清純可愛",
"479","8/5/2020 02:38:32.818644","8/5/2020 04:00:12.020578","素人系列",
"480","8/5/2020 02:38:32.822641","8/5/2020 02:38:32.823639","獨家推薦獨家推薦",
"481","8/5/2020 02:41:55.42797","8/5/2020 02:41:55.42897","舌技",
"482","8/5/2020 02:41:55.431968","8/5/2020 03:45:29.657076","女高中生",
"483","8/5/2020 02:41:59.040534","8/5/2020 03:33:19.002068","H罩杯",
"484","8/5/2020 02:42:10.786645","8/5/2020 02:42:10.787644","おめざ",
"485","8/5/2020 02:42:10.817625","8/5/2020 02:42:10.818624","假陽具",
"486","8/5/2020 02:42:20.787758","8/5/2020 02:42:20.788756","變性人",
"487","8/5/2020 02:45:26.91318","8/5/2020 02:45:26.914179","白肌",
"488","8/5/2020 02:47:52.951163","26/8/2020 00:51:54.995928","性感",
"489","8/5/2020 02:47:52.95616","25/5/2020 01:22:54.603237","著名的女演員",
"490","8/5/2020 02:47:52.961156","8/5/2020 03:17:00.862695","３P乱交",
"491","8/5/2020 02:48:33.070585","8/5/2020 04:03:29.383397","スクール水着",
"492","8/5/2020 02:48:44.865249","8/5/2020 02:48:44.866249","局部接写",
"493","8/5/2020 02:50:10.439484","26/8/2020 00:51:54.993319","肉感的",
"494","8/5/2020 02:50:21.77652","8/5/2020 02:50:21.77752","テコキ発射",
"495","8/5/2020 02:50:48.309696","8/5/2020 02:50:48.311694","川崎",
"496","8/5/2020 02:51:21.325132","8/5/2020 02:51:21.326132","池袋",
"497","8/5/2020 02:51:31.100438","25/5/2020 01:24:48.634251","DMM獨家",
"498","8/5/2020 02:52:08.074442","8/5/2020 02:52:08.075441","ベロチュー",
"499","8/5/2020 02:52:08.078441","8/5/2020 02:52:08.079438","口水",
"500","8/5/2020 02:52:08.099426","25/5/2020 01:16:53.801124","內衣",
"501","8/5/2020 02:53:24.757804","8/5/2020 04:03:32.644345","オモチャ?異物挿入",
"502","8/5/2020 02:53:38.087637","8/5/2020 02:53:38.088635","焦らし",
"503","8/5/2020 02:53:38.093632","8/5/2020 02:53:38.094632","誘惑",
"504","8/5/2020 02:53:38.098629","8/5/2020 02:53:38.099628","覗き",
"505","8/5/2020 02:55:50.908288","8/5/2020 02:56:16.461467","下載專用素人",
"506","8/5/2020 02:55:57.648577","8/5/2020 02:55:57.649581","326NKR",
"507","8/5/2020 02:55:59.304623","8/5/2020 03:34:12.722532","飼育",
"508","8/5/2020 02:56:24.162543","8/5/2020 02:56:24.163542","クールビューティー",
"509","8/5/2020 02:56:41.444387","8/5/2020 02:56:41.445389","大開脚",
"510","8/5/2020 02:56:45.649531","8/5/2020 02:56:45.650522","団地妻",
"511","8/5/2020 02:56:58.390907","8/5/2020 02:56:58.391906","ご主人様",
"512","8/5/2020 02:56:58.395903","8/5/2020 02:56:58.396902","バイト",
"513","8/5/2020 02:57:21.795401","8/5/2020 02:57:21.7964","黒ストッキング",
"514","8/5/2020 02:57:21.799398","25/5/2020 02:45:22.042851","辦公室",
"515","8/5/2020 02:57:36.97168","27/5/2020 17:07:56.379844","倒追",
"516","8/5/2020 02:57:59.942936","8/5/2020 02:57:59.943935","ヒョウ柄",
"517","8/5/2020 02:57:59.947932","8/5/2020 02:57:59.948932","デカ尻",
"518","8/5/2020 02:58:36.161603","8/5/2020 02:58:36.162601","婚約者",
"519","8/5/2020 02:58:36.166599","8/5/2020 02:58:36.167599","オヤジ",
"520","8/5/2020 02:58:36.170597","25/5/2020 01:41:45.08723","NTR",
"521","8/5/2020 02:58:36.174595","8/5/2020 02:58:36.175593","ネトラレ",
"522","8/5/2020 02:58:36.190585","8/5/2020 03:13:22.4863","放荡",
"523","8/5/2020 02:58:36.19858","8/5/2020 03:47:59.397004","不伦/出轨",
"524","8/5/2020 02:58:38.630374","8/5/2020 03:45:39.751901","女用内衣裤",
"525","8/5/2020 02:58:42.012202","26/7/2020 23:57:01.973893","泳装",
"526","8/5/2020 02:58:46.100797","26/8/2020 00:51:03.154674","无码",
"527","8/5/2020 02:58:46.106794","26/8/2020 00:50:51.13623","欧美",
"528","8/5/2020 02:58:59.885099","8/5/2020 02:58:59.886098","ネックレス",
"529","8/5/2020 02:58:59.889098","8/5/2020 02:58:59.890097","パイ射",
"530","8/5/2020 02:58:59.90109","8/5/2020 02:58:59.902088","火车便当",
"531","8/5/2020 02:59:01.839472","8/5/2020 03:49:46.627433","20多岁",
"532","8/5/2020 02:59:01.851465","8/5/2020 03:44:31.878746","户外露出",
"533","8/5/2020 02:59:09.859766","25/5/2020 01:40:23.966715","淫乱/重口味系",
"534","8/5/2020 02:59:14.387119","25/5/2020 01:41:09.682064","精饮",
"535","8/5/2020 02:59:14.391115","8/5/2020 03:55:47.282697","30多岁",
"536","8/5/2020 02:59:31.914317","8/5/2020 03:54:31.150147","卖淫",
"537","8/5/2020 02:59:31.92831","25/5/2020 01:40:53.290985","企划",
"538","8/5/2020 02:59:40.781965","8/5/2020 03:42:55.662137","40多岁",
"539","8/5/2020 02:59:49.729218","8/5/2020 03:44:38.46983","童颜",
"540","8/5/2020 03:05:28.276628","26/8/2020 00:50:56.992486","紧缚",
"541","8/5/2020 03:05:57.581437","8/5/2020 03:53:42.200483","纪录片",
"542","8/5/2020 03:06:05.54213","26/8/2020 00:51:03.139328","萝莉",
"543","8/5/2020 03:06:10.00497","25/5/2020 01:41:45.084745","单体作品",
"544","8/5/2020 03:06:10.009965","25/5/2020 01:41:37.551864","恋屁癖",
"545","8/5/2020 03:06:13.800652","23/7/2020 07:21:38.907584","妄想",
"546","8/5/2020 03:06:35.228846","8/5/2020 03:49:09.248959","调教/奴隶",
"547","8/5/2020 03:06:39.332671","8/5/2020 03:06:39.333671","制服、エステティシャン、人妻、貧乳",
"548","8/5/2020 03:06:39.341665","26/8/2020 00:51:10.928746","护士",
"549","8/5/2020 03:07:44.262851","24/8/2020 10:14:11.255303","颜面骑乘",
"550","8/5/2020 03:07:44.267847","8/5/2020 03:07:44.268846","家庭訪問",
"551","8/5/2020 03:07:51.049116","8/5/2020 03:30:04.211693","围裙",
"552","8/5/2020 03:07:57.610348","22/8/2020 00:28:58.09908","女同性恋",
"553","8/5/2020 03:09:10.540822","8/5/2020 03:09:10.540822","タトゥー",
"554","8/5/2020 03:09:12.463899","8/5/2020 03:13:09.507773","新宿",
"555","8/5/2020 03:09:12.467895","8/5/2020 03:40:03.042839","膝盖袜子",
"556","8/5/2020 03:10:02.560408","25/5/2020 01:39:40.432778","乱交",
"557","8/5/2020 03:10:19.556704","8/5/2020 04:02:28.255521","各种职业",
"558","8/5/2020 03:10:25.37658","8/5/2020 03:40:46.864721","上野",
"559","8/5/2020 03:10:32.449633","23/8/2020 01:06:05.425716","白人",
"560","8/5/2020 03:10:34.338378","25/5/2020 01:41:30.935148","戏剧",
"561","8/5/2020 03:10:34.347372","8/5/2020 03:10:34.34837","女主人/妈妈桑",
"562","8/5/2020 03:10:53.176571","25/5/2020 01:24:34.369062","スタッフ激推し！SEX中の反応がドエロすぎな素人",
"563","8/5/2020 03:10:55.644958","27/8/2020 03:30:15.227724","女学生",
"564","8/5/2020 03:11:25.359775","8/5/2020 03:35:03.968612","ニーハイ",
"565","8/5/2020 03:11:25.364771","8/5/2020 03:11:25.36577","ポニーテール",
"566","8/5/2020 03:11:25.375763","27/8/2020 03:30:21.923246","丝袜",
"567","8/5/2020 03:12:09.286708","25/5/2020 01:39:05.118911","HD",
"568","8/5/2020 03:12:56.518406","8/5/2020 03:12:56.520405","枕営業",
"569","8/5/2020 03:13:04.503474","8/5/2020 03:48:53.046835","不伦",
"570","8/5/2020 03:13:04.510471","26/8/2020 00:51:14.366287","温泉",
"571","8/5/2020 03:13:22.501291","8/5/2020 03:13:22.50229","彼女の姉",
"572","8/5/2020 03:14:08.166918","24/8/2020 10:14:05.268574","车震",
"573","8/5/2020 03:15:23.541341","8/5/2020 03:15:23.542341","翘臀美尻",
"574","8/5/2020 03:15:23.547338","8/5/2020 03:15:23.548337","清纯可爱",
"575","8/5/2020 03:15:43.967397","8/5/2020 04:02:15.187734","打桩机(体位)",
"576","8/5/2020 03:16:00.563754","8/5/2020 03:34:11.338389","晒黑",
"577","8/5/2020 03:16:00.56875","8/5/2020 03:16:00.569749","ハイビジョン(HD)",
"578","8/5/2020 03:16:00.572748","8/5/2020 03:45:05.547811","DMM独家",
"579","8/5/2020 03:16:20.516559","8/5/2020 03:16:20.517558","ノーブラ",
"580","8/5/2020 03:16:20.523555","25/5/2020 01:41:49.122861","裙子",
"581","8/5/2020 03:16:23.470444","8/5/2020 03:39:50.213535","游泳/学校泳装",
"582","8/5/2020 03:16:46.63186","8/5/2020 03:39:13.672328","面接",
"583","8/5/2020 03:17:00.858698","8/5/2020 04:03:21.787381","著名的女演员",
"584","8/5/2020 03:17:00.865693","8/5/2020 03:17:00.866693","藝人",
"585","8/5/2020 03:17:04.716602","8/5/2020 03:17:04.717602","内衣",
"586","8/5/2020 03:17:16.654922","8/5/2020 03:17:16.656919","仙台",
"587","8/5/2020 03:17:55.768009","25/5/2020 01:39:32.691342","初次无码",
"588","8/5/2020 03:18:55.444349","8/5/2020 03:22:39.684267","海だ！プールだ！祭りだ！夏イベントナンパ",
"589","8/5/2020 03:19:18.322988","8/5/2020 03:19:18.323987","セール商品",
"590","8/5/2020 03:19:18.327985","25/5/2020 01:35:49.300618","简体中文",
"591","8/5/2020 03:19:20.649071","8/5/2020 03:19:20.65007","比赛泳装",
"592","8/5/2020 03:20:12.376855","8/5/2020 03:20:12.377855","PICKUP素人",
"593","8/5/2020 03:20:12.38385","27/8/2020 03:30:18.716566","淫荡",
"594","8/5/2020 03:20:50.771862","8/5/2020 03:20:50.772861","中出しリフレ",
"595","8/5/2020 03:20:53.256846","8/5/2020 03:20:53.257847","涩谷",
"596","8/5/2020 03:20:57.143804","25/5/2020 01:40:43.258237","4小时以上",
"597","8/5/2020 03:21:50.430669","14/7/2020 02:43:46.94258","寡妇",
"598","8/5/2020 03:21:50.434667","15/8/2020 01:16:27.547027","近亲相奸",
"599","8/5/2020 03:22:29.38467","23/8/2020 01:06:14.99449","眼镜",
"600","8/5/2020 03:22:32.890443","8/5/2020 03:22:32.891443","戴人绿帽",
"601","8/5/2020 03:23:11.163945","8/5/2020 03:23:11.164945","剃毛",
"602","8/5/2020 03:23:17.045242","8/5/2020 03:23:17.046241","白人女优",
"603","8/5/2020 03:24:56.330115","8/5/2020 03:24:56.331114","美丽的熟女",
"604","8/5/2020 03:24:56.340108","10/8/2020 04:29:31.05448","处男",
"605","8/5/2020 03:24:56.346105","8/5/2020 03:24:56.347105","女上位中出",
"606","8/5/2020 03:29:24.180127","25/5/2020 01:39:50.793945","模特儿系",
"607","8/5/2020 03:29:42.741041","8/5/2020 03:29:42.742041","童貞を殺すセーター",
"608","8/5/2020 03:29:42.744039","8/5/2020 03:29:42.745039","日式房间",
"609","8/5/2020 03:29:57.757612","8/5/2020 03:29:57.758611","女优精华合辑",
"610","8/5/2020 03:30:05.788307","15/6/2020 01:07:30.534847","孕妇",
"611","8/5/2020 03:30:34.625132","8/5/2020 03:30:34.626132","偶像/艺人",
"612","8/5/2020 03:30:43.652746","8/5/2020 03:48:04.507861","ムッチリ",
"613","8/5/2020 03:31:37.156932","8/5/2020 03:31:37.157935","M男",
"614","8/5/2020 03:31:38.983088","8/5/2020 03:31:38.984088","40",
"615","8/5/2020 03:32:03.590728","8/5/2020 03:32:03.591727","天堂电视台",
"616","8/5/2020 03:32:03.601722","8/5/2020 03:32:03.602721","教练",
"617","8/5/2020 03:32:03.606719","8/5/2020 03:32:03.607718","ヨガ",
"618","8/5/2020 03:32:47.782566","27/8/2020 03:30:30.630055","监禁",
"619","8/5/2020 03:32:51.755559","8/5/2020 03:32:51.757558","マッサージ?リフレ",
"620","8/5/2020 03:32:59.066753","8/5/2020 03:44:38.474827","体操服/体育服",
"621","8/5/2020 03:33:12.260942","8/5/2020 03:33:12.261941","受孕",
"622","8/5/2020 03:33:20.622174","8/5/2020 03:33:20.623173","巨乳?爆乳",
"623","8/5/2020 03:33:22.237738","8/5/2020 03:33:22.238738","ヘルス?ソープ",
"624","8/5/2020 03:33:27.067272","8/5/2020 03:53:22.114172","学生服",
"625","8/5/2020 03:33:28.480046","8/5/2020 03:33:28.481045","游泳",
"626","8/5/2020 03:34:12.708542","8/5/2020 03:34:12.709541","ペット",
"627","8/5/2020 03:34:12.71254","25/8/2020 04:36:42.360291","调教",
"628","8/5/2020 03:34:12.719535","8/5/2020 03:34:12.720534","スペイン",
"629","8/5/2020 03:34:44.961483","8/5/2020 03:34:44.96248","舔乳头",
"630","8/5/2020 03:34:50.637302","25/5/2020 01:17:00.18052","着物?浴衣",
"631","8/5/2020 03:35:03.988599","8/5/2020 03:35:03.988599","套装",
"632","8/5/2020 03:35:58.402495","8/5/2020 03:35:58.403495","巨大按摩棒",
"633","8/5/2020 03:35:58.41249","8/5/2020 03:55:39.66153","可爱系",
"634","8/5/2020 03:36:23.459303","8/5/2020 03:36:23.460303","性感睡衣",
"635","8/5/2020 03:36:23.476293","8/5/2020 03:36:23.477293","セクシーランジェリー",
"636","8/5/2020 03:36:52.812478","8/5/2020 03:36:52.813477","年轻的妻子",
"637","8/5/2020 03:38:21.686046","8/5/2020 03:38:21.688044","美容",
"638","8/5/2020 03:39:15.976749","25/8/2020 04:37:03.425539","羞耻",
"639","8/5/2020 03:39:19.715671","8/5/2020 03:39:19.715671","ダーク系",
"640","8/5/2020 03:39:26.746208","8/5/2020 03:39:26.747203","ぶっかけ4連発",
"641","8/5/2020 03:39:50.209537","8/5/2020 03:50:03.666688","其他的恋物癖",
"642","8/5/2020 03:39:50.21953","25/5/2020 01:22:21.372582","353HEN",
"643","8/5/2020 03:41:39.055279","8/5/2020 04:03:21.780385","裤袜",
"644","8/5/2020 03:41:39.073266","8/5/2020 03:41:39.074266","ワンピース",
"645","8/5/2020 03:41:39.078263","8/5/2020 03:41:39.078263","エロいランジェリー",
"646","8/5/2020 03:41:43.396856","8/5/2020 03:41:43.397854","真面目",
"647","8/5/2020 03:41:43.399853","8/5/2020 03:41:43.400853","優等生",
"648","8/5/2020 03:42:34.693587","25/8/2020 04:37:06.864261","局部特写",
"649","8/5/2020 03:43:21.814671","24/8/2020 10:15:16.405292","轮奸",
"650","8/5/2020 03:43:24.819633","23/7/2020 07:22:03.373184","女同接吻",
"651","8/5/2020 03:43:38.527356","8/5/2020 04:03:29.394389","炉利",
"652","8/5/2020 03:43:49.307635","17/8/2020 01:11:18.967206","炮友",
"653","8/5/2020 03:43:49.322624","8/5/2020 03:43:49.324623","前门",
"654","8/5/2020 03:43:52.100019","8/5/2020 03:43:52.102017","AD",
"655","8/5/2020 03:43:52.107015","8/5/2020 03:49:25.037783","おしゃぶり",
"656","8/5/2020 03:43:52.113011","8/5/2020 03:43:52.115008","ショートヘア",
"657","8/5/2020 03:43:53.505253","8/5/2020 03:43:53.506252","レジェンド女優",
"658","8/5/2020 03:43:53.509249","8/5/2020 04:03:27.992167","清洁口交",
"659","8/5/2020 03:44:04.54972","8/5/2020 03:44:04.550719","运动",
"660","8/5/2020 03:44:07.747502","8/5/2020 03:48:04.513855","お目覚めフェラ",
"661","8/5/2020 03:44:38.453841","8/5/2020 03:45:29.654078","ニーハイソックス",
"662","8/5/2020 03:44:40.247786","26/8/2020 00:50:45.221003","第一人称",
"663","8/5/2020 03:44:50.922099","8/5/2020 03:44:50.926094","電話",
"664","8/5/2020 03:44:50.930092","26/8/2020 00:52:46.649668","旅館",
"665","8/5/2020 03:45:03.329109","8/5/2020 03:45:03.330108","咲野の花",
"666","8/5/2020 03:45:07.98555","8/5/2020 03:48:06.836479","迷你系列",
"667","8/5/2020 03:45:07.990546","8/5/2020 03:45:07.991546","矮小",
"668","8/5/2020 03:45:35.190683","25/5/2020 01:40:16.478566","精华·合集",
"669","8/5/2020 03:45:37.629193","8/5/2020 03:45:37.630192","舞蹈",
"670","8/5/2020 03:45:39.755898","8/5/2020 03:50:21.176245","妈妈",
"671","8/5/2020 03:46:34.690524","8/5/2020 03:46:34.691524","简体",
"672","8/5/2020 03:46:38.154496","25/5/2020 01:40:43.266045","明星脸",
"673","8/5/2020 03:46:48.490241","25/5/2020 01:39:05.11636","模特儿",
"674","8/5/2020 03:47:07.37253","8/5/2020 03:49:09.261951","催眠/洗脑",
"675","8/5/2020 03:47:59.400002","8/5/2020 03:47:59.401002","宅配",
"676","8/5/2020 03:47:59.404","8/5/2020 03:47:59.405","宅配業者",
"677","8/5/2020 03:48:04.503863","8/5/2020 03:55:23.206381","アナル舐め",
"678","8/5/2020 03:48:04.510857","8/5/2020 03:48:04.510857","ご奉仕",
"679","8/5/2020 03:48:33.947031","8/5/2020 04:03:27.997164","彻底凌辱视频",
"680","8/5/2020 03:48:35.340169","15/8/2020 01:15:37.522892","拳交",
"681","8/5/2020 03:49:09.254955","8/5/2020 03:49:09.255954","女调查员",
"682","8/5/2020 03:49:12.703823","8/5/2020 03:49:12.704823","多个故事",
"683","8/5/2020 03:49:25.044779","8/5/2020 03:49:25.045779","丁字褲",
"684","8/5/2020 03:50:01.356076","8/5/2020 03:50:01.357075","后宫",
"685","8/5/2020 03:51:06.430186","20/8/2020 03:17:54.070582","女医生",
"686","8/5/2020 03:51:43.036677","8/5/2020 03:51:43.037676","HD画质",
"687","8/5/2020 03:51:43.041673","8/5/2020 03:51:43.042673","脚交",
"688","8/5/2020 03:53:34.139551","8/5/2020 03:53:34.14055","成人动画",
"689","8/5/2020 03:53:34.143548","8/5/2020 03:53:34.144546","成人卡通",
"690","8/5/2020 03:53:34.148544","8/5/2020 03:53:34.150543","H动画",
"691","8/5/2020 03:53:34.15554","8/5/2020 03:53:34.156538","メイド姉",
"692","8/5/2020 03:53:35.801491","28/7/2020 23:56:16.912033","和服/浴衣",
"693","8/5/2020 03:53:43.897643","10/8/2020 04:29:32.575805","药物",
"694","8/5/2020 03:53:43.901642","15/8/2020 01:16:56.103137","家教",
"695","8/5/2020 03:53:48.750891","8/5/2020 04:00:19.061734","パンスト?タイツ",
"696","8/5/2020 03:54:17.63236","8/5/2020 03:54:17.63236","下载专用素人",
"697","8/5/2020 03:54:44.667945","8/5/2020 03:54:44.668944","秋葉原",
"698","8/5/2020 03:55:11.495555","8/5/2020 03:55:11.496554","青少年",
"699","8/5/2020 04:00:05.735612","8/5/2020 04:00:05.736611","手に射精",
"700","8/5/2020 04:00:12.016581","25/5/2020 01:40:50.815415","熟女人妻",
"701","8/5/2020 04:00:12.026575","8/5/2020 04:00:12.027573","翹臀美尻",
"702","8/5/2020 04:00:21.317743","8/5/2020 04:01:22.677083","強姦",
"703","8/5/2020 04:00:23.252772","8/5/2020 04:01:14.499775","4小時以上",
"704","8/5/2020 04:00:23.259767","8/5/2020 04:00:51.171247","精華·合集",
"705","8/5/2020 04:00:47.517825","8/5/2020 04:00:47.518824","ビジネススーツ",
"706","8/5/2020 04:00:48.894485","8/5/2020 04:00:48.895484","藥物",
"707","8/5/2020 04:00:54.125765","8/5/2020 04:00:54.126764","體操服/體育服",
"708","8/5/2020 04:01:10.709099","8/5/2020 04:01:10.709099","HDTV",
"709","8/5/2020 04:01:14.502773","8/5/2020 04:01:14.503772","女優精華合輯",
"710","8/5/2020 04:01:19.203453","8/5/2020 04:01:19.204452","養女",
"711","8/5/2020 04:01:48.624321","26/8/2020 00:49:59.239165","无毛",
"712","8/5/2020 04:01:48.631317","25/5/2020 01:35:41.27462","无戴套做爱",
"713","8/5/2020 04:03:02.800211","8/5/2020 04:03:02.801209","和服/日式服装/日式浴衣",
"714","8/5/2020 04:03:11.292648","8/5/2020 04:03:11.293648","フェチ",
"715","8/5/2020 04:03:21.783384","8/5/2020 04:03:21.784383","完全无码",
"716","8/5/2020 04:03:27.982173","8/5/2020 04:03:27.983175","阿鲁巴",
"717","8/5/2020 04:03:27.987172","8/5/2020 04:03:27.988169","轮奸内射",
"718","8/5/2020 04:03:29.369406","8/5/2020 04:03:29.370405","激しいマンコ痙攣",
"719","8/5/2020 04:03:29.376401","8/5/2020 04:03:29.378401","吊り下げ?磔",
"720","8/5/2020 04:03:29.400387","8/5/2020 04:03:29.401385","电钻",
"721","8/5/2020 04:03:46.618642","8/5/2020 04:03:46.618642","人妻?主婦",
"722","8/5/2020 04:03:59.524033","8/5/2020 04:03:59.525033","50代熟女",
"723","8/5/2020 04:37:13.969738","23/7/2020 07:26:12.356108","貧乳?微乳",
"724","8/5/2020 04:47:34.314001","8/5/2020 04:47:34.315","影片番號",
"725","8/5/2020 04:48:17.76504","8/5/2020 04:48:17.766039","385BNGD",
"726","8/5/2020 04:52:21.330005","8/5/2020 04:52:21.331003","剛交",
"727","21/5/2020 00:59:58.727348","9/6/2020 00:42:31.677519","套圖",
"728","25/5/2020 01:04:43.053531","23/7/2020 07:28:15.434958","新加坡",
"729","25/5/2020 01:05:05.161488","6/8/2020 11:10:00.426762","國模",
"730","25/5/2020 01:16:26.238068","25/5/2020 01:16:26.238752","純朴",
"731","25/5/2020 01:16:26.249023","25/5/2020 01:16:26.249689","欲求不滿",
"732","25/5/2020 01:21:26.324632","25/5/2020 01:21:26.325387","美巨乳",
"733","25/5/2020 01:24:48.630777","25/5/2020 01:24:48.631586","326MASS",
"734","25/5/2020 01:34:02.992264","23/7/2020 07:28:36.940822","菲律賓",
"735","25/5/2020 01:39:01.129219","25/8/2020 04:36:53.876116","丁字裤",
"736","25/5/2020 01:39:01.135353","25/8/2020 04:36:46.268561","女佣",
"737","25/5/2020 01:40:16.483506","25/5/2020 01:40:16.484179","M女",
"738","25/5/2020 01:40:34.080988","23/7/2020 07:28:36.924961","痴漢",
"739","25/5/2020 01:40:39.568606","25/5/2020 01:41:37.559622","大尺度写真",
"740","25/5/2020 01:40:50.817934","25/5/2020 01:40:50.818615","上传者：",
"741","25/5/2020 01:40:50.821087","25/5/2020 01:40:50.82176","请输入上传者",
"742","25/5/2020 01:40:50.824233","25/5/2020 01:40:50.824905","片种选择：",
"743","25/5/2020 01:40:50.827394","25/5/2020 01:40:50.828072","影片类别：影片类别丝袜长腿制服诱惑贫乳萝莉巨乳咪咪女性专区熟女人妻女欢女爱近亲相姦翘臀美尻H动画重咸",
"744","25/5/2020 01:40:53.303935","25/5/2020 01:40:53.304635","320MMGH",
"745","25/5/2020 01:41:16.443056","25/5/2020 01:41:16.443746","69体位",
"746","25/5/2020 01:43:24.383902","25/5/2020 01:43:24.384601","第一視角",
"747","25/5/2020 02:24:16.292777","25/5/2020 02:24:16.293519","E奶小炮友被我用各種姿勢狂插,又嫩又緊的穴穴讓我忍不住射在裡面了!",
"748","25/5/2020 02:30:32.735441","25/5/2020 02:30:32.736148","大神新作",
"749","25/5/2020 02:30:34.493461","25/5/2020 03:01:01.364574","打砲",
"750","25/5/2020 02:31:14.380125","25/5/2020 02:31:14.38084","黑長直",
"751","25/5/2020 03:01:01.360912","25/5/2020 03:01:01.361715","黑絲襪",
"752","25/5/2020 03:01:01.370958","25/5/2020 03:01:01.371796","背後式",
"753","25/5/2020 03:01:01.374654","25/5/2020 03:01:01.375467","座蓮式",
"754","25/5/2020 03:03:08.57867","26/8/2020 00:51:03.141972","露出",
"755","25/5/2020 03:03:08.591688","25/5/2020 03:03:08.592361","自摸",
"756","25/5/2020 03:03:08.594827","25/5/2020 03:03:08.595508","掰穴",
"757","25/5/2020 03:03:30.602199","7/8/2020 05:54:56.064831","短片",
"758","25/5/2020 03:03:30.61067","17/8/2020 01:11:35.669207","亞洲",
"759","25/5/2020 03:03:30.629432","25/5/2020 03:03:30.630135","鎮江人妻",
"760","26/5/2020 05:43:23.879365","26/8/2020 00:50:27.647048","女主播",
"761","26/5/2020 05:43:23.885511","25/8/2020 04:36:58.620636","凌辱调教",
"762","26/5/2020 05:43:23.891395","27/8/2020 03:30:02.08369","扣B",
"763","26/5/2020 05:43:23.894709","27/8/2020 03:30:20.21846","变态",
"764","26/5/2020 05:43:23.900531","27/8/2020 03:30:30.633243","有码",
"765","26/5/2020 05:43:23.903811","27/8/2020 03:30:30.636029","无字幕",
"766","26/5/2020 05:43:23.907089","27/8/2020 03:30:30.638744","专业拍摄",
"767","26/5/2020 05:43:28.621936","26/8/2020 00:50:35.449495","妓女",
"768","26/5/2020 05:43:28.625727","26/8/2020 00:51:09.132489","淫语/淫叫",
"769","26/5/2020 05:43:28.631768","20/8/2020 03:15:20.42907","会所",
"770","26/5/2020 05:43:28.642714","27/8/2020 03:30:28.458164","国产",
"771","26/5/2020 05:43:28.645904","26/8/2020 00:51:09.151413","爆操",
"772","26/5/2020 05:43:28.649074","27/8/2020 03:30:05.850582","极致.性高潮",
"773","26/5/2020 05:43:28.652231","24/8/2020 10:14:36.188714","嫖娼",
"774","26/5/2020 05:43:32.284401","27/8/2020 03:30:05.803578","吞精",
"775","26/5/2020 05:43:33.975281","25/8/2020 04:37:05.073052","美鲍",
"776","26/5/2020 05:43:33.990941","26/8/2020 00:52:53.37767","少女",
"777","26/5/2020 05:43:33.994127","27/8/2020 03:30:28.472962","内射中出",
"778","26/5/2020 05:43:36.343368","26/8/2020 00:51:06.162168","性感女神",
"779","26/5/2020 05:43:36.370388","23/8/2020 01:05:54.996099","白浆",
"780","26/5/2020 05:47:25.49319","27/8/2020 03:30:15.224959","淫乱",
"781","26/5/2020 05:47:25.50161","26/8/2020 00:50:29.196114","群P",
"782","26/5/2020 05:47:25.504773","27/8/2020 03:30:07.260022","后入",
"783","26/5/2020 05:47:27.448654","29/6/2020 01:35:04.56005","女警官",
"784","26/5/2020 05:47:29.243879","1/7/2020 01:05:29.753155","跳舞",
"785","26/5/2020 05:47:29.24762","27/8/2020 03:30:28.437047","全裸",
"786","26/5/2020 05:47:30.981876","26/8/2020 00:51:03.147003","网红",
"787","26/5/2020 05:47:32.5518","26/8/2020 00:51:09.135235","诱惑",
"788","26/5/2020 05:47:41.00284","15/8/2020 01:16:33.982215","艺人",
"789","26/5/2020 05:47:41.006298","15/8/2020 01:15:50.654783","旗袍",
"790","26/5/2020 05:47:41.022944","27/8/2020 03:30:15.2687","中文字幕",
"791","26/5/2020 05:47:44.433669","26/8/2020 00:50:19.830548","情侣",
"792","26/5/2020 05:47:49.540479","26/8/2020 00:51:01.585489","约炮/嫖娼/探花",
"793","26/5/2020 05:47:49.55883","20/8/2020 03:16:33.746065","外围女",
"794","26/5/2020 05:47:51.850714","26/8/2020 00:51:12.729303","手指插入",
"795","26/5/2020 05:47:53.560435","21/7/2020 01:35:04.542275","灌肠",
"796","26/5/2020 05:47:53.578328","24/8/2020 10:14:05.271227","门事件s",
"797","26/5/2020 05:49:42.010602","23/8/2020 01:06:01.981896","媚药",
"798","26/5/2020 05:49:42.014071","27/8/2020 03:30:21.929434","猥琐",
"799","26/5/2020 05:49:43.912245","26/8/2020 00:50:42.30673","女仆/妹抖",
"800","26/5/2020 05:49:43.925628","26/8/2020 00:50:27.654613","道具",
"801","26/5/2020 05:49:47.496669","25/8/2020 04:37:05.129656","女神",
"802","26/5/2020 05:49:47.499822","29/6/2020 01:34:32.453155","茄子爱啪啪",
"803","26/5/2020 05:49:47.503028","28/7/2020 23:49:30.484732","茄子独家原创",
"804","26/5/2020 05:51:23.784281","24/8/2020 10:14:49.841731","教室",
"805","26/5/2020 05:51:39.093149","27/8/2020 03:30:30.624524","女同",
"806","26/5/2020 05:51:39.104595","20/8/2020 03:16:40.117928","高跟鞋",
"807","26/5/2020 05:51:40.720775","27/8/2020 03:30:26.784539","情趣内衣",
"808","26/5/2020 05:51:40.731296","24/8/2020 10:13:59.993074","振动棒",
"809","26/5/2020 05:52:07.730831","24/8/2020 10:15:07.401905","捆绑",
"810","26/5/2020 05:52:22.232995","27/8/2020 03:30:13.711886","人妻/少妇/熟女",
"811","26/5/2020 05:52:22.248606","17/6/2020 01:14:34.703271","香港三级",
"812","26/5/2020 05:52:26.103002","24/8/2020 10:14:05.730384","新娘",
"813","26/5/2020 05:52:26.109011","15/8/2020 01:16:30.551995","经典",
"814","26/5/2020 05:52:37.142319","20/8/2020 03:17:13.215778","蒙面",
"815","26/5/2020 05:52:40.545553","25/8/2020 04:36:49.197487","潜规则",
"816","26/5/2020 05:52:55.650816","25/8/2020 04:37:08.443374","胸奴人/胸控",
"817","26/5/2020 05:53:10.409877","26/8/2020 00:50:49.506866","搭讪",
"818","26/5/2020 05:53:13.781829","27/8/2020 03:30:21.914734","制服诱惑",
"819","26/5/2020 05:53:16.224095","26/8/2020 00:50:49.480017","出轨/NTR",
"820","26/5/2020 05:53:19.438593","25/8/2020 04:36:37.712162","强奸",
"821","26/5/2020 05:53:28.570719","26/8/2020 00:50:39.430746","乱伦",
"822","26/5/2020 05:53:28.589574","23/8/2020 01:05:58.317434","三级剧情",
"823","26/5/2020 05:53:31.232591","27/5/2020 17:16:46.63851","包间",
"824","26/5/2020 05:53:31.248343","2/6/2020 00:57:09.001502","派对",
"825","26/5/2020 05:53:32.872188","27/8/2020 03:30:21.931995","水果派",
"826","26/5/2020 05:53:36.115801","6/8/2020 11:11:32.086907","奴隶",
"827","26/5/2020 05:53:38.465037","25/8/2020 04:36:35.706941","饮尿",
"828","26/5/2020 05:53:38.488926","29/6/2020 01:33:54.298966","女王系",
"829","26/5/2020 05:53:52.515746","20/8/2020 03:14:37.863895","跳蛋",
"830","26/5/2020 05:54:15.541057","23/8/2020 01:06:11.799347","海边",
"831","26/5/2020 05:54:15.554326","31/7/2020 00:21:01.816001","裸泳",
"832","26/5/2020 05:54:18.146336","20/8/2020 03:14:48.067251","H动漫",
"833","26/5/2020 05:54:18.160332","27/5/2020 17:12:28.587229","哺乳期",
"834","26/5/2020 05:54:21.273441","20/8/2020 03:14:46.286616","母亲",
"835","26/5/2020 05:54:24.648157","26/8/2020 00:50:52.788249","内射",
"836","26/5/2020 05:54:43.660651","25/8/2020 04:36:59.999409","高中生",
"837","26/5/2020 05:54:43.664092","15/8/2020 01:15:39.023005","及膝袜",
"838","26/5/2020 05:54:43.667308","27/8/2020 03:30:16.928651","校服",
"839","26/5/2020 05:54:50.379974","27/5/2020 13:12:11.425225","猫耳朵",
"840","26/5/2020 05:55:06.707336","26/7/2020 23:57:36.910207","毒龙钻",
"841","26/5/2020 05:55:08.375173","27/8/2020 03:30:15.277507","多P群交",
"842","26/5/2020 05:55:15.356068","6/8/2020 11:11:23.69457","喷水",
"843","26/5/2020 05:55:20.369536","26/8/2020 00:50:42.351257","明星",
"844","26/5/2020 05:55:51.621994","20/8/2020 03:17:30.647539","沙发/地板",
"845","26/5/2020 05:55:59.424493","27/5/2020 17:15:43.020517","动画人物",
"846","26/5/2020 05:56:01.676907","30/7/2020 00:51:43.710873","处女",
"847","26/5/2020 05:56:10.943444","25/8/2020 04:37:03.498877","超乳",
"848","26/5/2020 05:56:24.078818","24/8/2020 10:15:16.402728","插入异物",
"849","26/5/2020 05:56:25.720223","15/8/2020 01:17:20.996312","秘书",
"850","26/5/2020 05:56:44.7401","27/5/2020 14:05:30.893235","运动短裤",
"851","26/5/2020 05:56:44.766107","9/7/2020 00:58:09.840466","体育馆",
"852","26/5/2020 05:56:48.165251","20/8/2020 03:17:11.371938","丰满",
"853","26/5/2020 05:56:51.48701","30/7/2020 00:52:04.925129","公公",
"854","26/5/2020 05:57:26.17439","27/8/2020 03:30:05.8446","痉挛/抽搐",
"855","26/5/2020 05:57:28.921055","29/6/2020 01:34:30.958503","教学",
"856","26/5/2020 05:57:52.279855","24/8/2020 10:14:02.194918","健身房",
"857","26/5/2020 05:59:11.075196","26/8/2020 00:51:03.144493","户外",
"858","26/5/2020 05:59:11.096191","26/8/2020 00:50:55.597347","偷拍自拍",
"859","26/5/2020 05:59:42.65524","15/8/2020 01:15:33.556527","美容院",
"860","26/5/2020 05:59:42.668736","31/7/2020 00:21:00.428362","推油",
"861","26/5/2020 06:10:09.159484","16/7/2020 01:24:58.303581","女儿",
"862","26/5/2020 06:10:35.934685","25/8/2020 04:36:49.151911","烂醉如泥",
"863","26/5/2020 06:10:39.335828","3/7/2020 01:02:42.499925","人妖",
"864","26/5/2020 06:10:39.346767","27/8/2020 03:30:20.214449","办公室",
"865","26/5/2020 06:10:59.740716","20/8/2020 03:17:42.117215","窗台/阳台",
"866","26/5/2020 06:11:18.108789","27/8/2020 03:30:07.252338","高挑",
"867","26/5/2020 06:11:29.983705","31/5/2020 02:30:19.280175","裸聊",
"868","26/5/2020 06:14:49.143336","20/8/2020 03:15:15.021597","厕所",
"869","26/5/2020 06:15:37.41745","30/7/2020 00:52:03.637622","裸体围裙",
"870","26/5/2020 06:15:42.482613","24/8/2020 10:14:05.273926","不雅流出",
"871","26/5/2020 06:16:41.065392","20/8/2020 03:17:20.482696","黑人",
"872","26/5/2020 06:16:41.086985","15/6/2020 01:07:07.688595","凌辱紧缚",
"873","26/5/2020 06:16:48.354011","20/8/2020 03:15:36.588222","欧美AV",
"874","26/5/2020 06:16:48.357226","20/8/2020 03:15:33.638522","欧美口交",
"875","26/5/2020 06:16:48.360433","31/7/2020 00:20:20.42553","性感制服",
"876","26/5/2020 06:16:48.363752","11/6/2020 00:50:23.822302","双飞",
"877","26/5/2020 06:16:51.019278","26/7/2020 23:58:04.522772","鸭嘴",
"878","26/5/2020 06:16:51.039857","27/8/2020 03:30:28.460761","国产自慰",
"879","26/5/2020 06:16:51.043014","26/8/2020 00:50:43.844308","大尺私拍",
"880","26/5/2020 06:17:15.654854","24/8/2020 10:14:42.932317","超短裙",
"881","26/5/2020 06:18:13.591849","20/8/2020 03:16:42.393924","援交",
"882","26/5/2020 06:18:51.025147","29/6/2020 01:33:39.304291","凳子/椅子",
"883","26/5/2020 06:19:43.266525","27/8/2020 03:30:15.230385","泳装/死库水",
"884","26/5/2020 06:19:43.269829","27/8/2020 03:30:25.235308","瘦小",
"885","26/5/2020 06:19:43.288276","27/8/2020 03:30:18.732491","平胸/贫乳",
"886","26/5/2020 06:19:45.695681","26/8/2020 00:50:26.24701","女生",
"887","26/5/2020 06:19:47.299987","15/8/2020 01:16:21.499189","妄想写真",
"888","26/5/2020 06:19:56.087996","27/8/2020 03:30:07.276461","巨大屁股",
"889","26/5/2020 06:20:08.040208","20/8/2020 03:17:21.981468","同学",
"890","26/5/2020 06:20:09.608617","26/8/2020 00:50:37.048282","业务拍摄",
"891","26/5/2020 06:20:39.570705","27/5/2020 09:35:28.645497","高校大学",
"892","26/5/2020 06:20:45.677113","27/8/2020 03:30:13.703353","性骚扰",
"893","26/5/2020 06:20:45.683704","24/8/2020 10:14:44.306494","连裤袜",
"894","26/5/2020 06:20:48.996012","26/8/2020 00:49:57.613155","赛车女郎",
"895","26/5/2020 06:21:25.004246","25/8/2020 04:36:37.722421","虐待",
"896","26/5/2020 06:21:34.479315","27/5/2020 17:01:00.563512","女战士",
"897","26/5/2020 06:21:44.911569","27/5/2020 11:35:45.806637","破处",
"898","26/5/2020 06:21:47.337513","20/8/2020 03:17:54.103315","医院",
"899","26/5/2020 06:21:49.522889","17/8/2020 01:09:12.426972","催眠",
"900","26/5/2020 06:22:00.949477","15/8/2020 01:16:35.555192","监狱",
"901","26/5/2020 06:22:10.022968","26/5/2020 07:24:30.527643","学院",
"902","26/5/2020 06:22:16.586324","20/8/2020 03:16:46.27798","超市",
"903","26/5/2020 06:22:21.018129","25/8/2020 04:36:42.331792","妹妹",
"904","26/5/2020 06:22:38.874156","27/5/2020 11:33:32.839684","变性",
"905","26/5/2020 06:22:52.126713","27/8/2020 03:30:18.729779","老师",
"906","26/5/2020 06:22:55.370411","21/8/2020 02:32:16.821506","泳池",
"907","26/5/2020 06:23:32.435873","10/8/2020 04:31:40.01609","厨房",
"908","26/5/2020 06:24:39.122484","31/7/2020 00:20:41.934347","儿子",
"909","26/5/2020 06:24:56.853314","10/8/2020 04:31:08.428939","蛮横娇羞",
"910","26/5/2020 06:26:43.87335","26/8/2020 00:51:07.720966","痴汉",
"911","26/5/2020 06:26:43.876565","26/8/2020 00:51:07.723776","电车/公交车",
"912","26/5/2020 06:47:31.49525","27/5/2020 11:50:13.090651","鬼父",
"913","26/5/2020 06:51:19.888627","26/7/2020 23:56:50.491595","餐厅",
"914","26/5/2020 06:53:42.35551","20/8/2020 03:17:12.412656","偷窥",
"915","26/5/2020 06:54:21.634348","26/8/2020 00:50:55.594751","91大神",
"916","26/5/2020 07:00:36.723963","2/6/2020 00:57:10.973856","中外",
"917","26/5/2020 07:00:50.771717","10/6/2020 00:52:37.4191","性虐捆绑",
"918","26/5/2020 07:01:45.10573","27/8/2020 03:30:28.46346","国产口交",
"919","26/5/2020 07:01:50.021885","28/7/2020 23:50:14.078588","一皇二后",
"920","26/5/2020 07:11:36.213703","26/8/2020 00:50:40.882077","不伦乱伦",
"921","26/5/2020 07:11:39.660281","31/5/2020 02:30:24.935222","国产拳交",
"922","26/5/2020 07:16:49.611572","26/7/2020 23:58:00.173614","桌子",
"923","26/5/2020 07:17:41.71811","17/6/2020 01:04:28.338386","图书馆",
"924","26/5/2020 07:19:20.392868","27/5/2020 10:07:11.349403","修女",
"925","26/5/2020 07:21:32.822546","25/8/2020 04:37:05.078177","私拍",
"926","26/5/2020 07:22:40.628609","27/5/2020 12:58:02.229344","排便",
"927","26/5/2020 07:23:47.386224","31/7/2020 00:20:38.007331","暗黑系",
"928","26/5/2020 07:30:47.21069","15/8/2020 01:15:37.371035","泡泡浴/风俗店",
"929","26/5/2020 07:32:18.006565","27/5/2020 12:31:02.899831","男同",
"930","26/5/2020 07:32:21.450744","27/5/2020 09:42:39.365744","艳母",
"931","26/5/2020 07:33:02.651492","26/7/2020 23:57:08.627598","各行各业",
"932","26/5/2020 07:33:05.919615","31/7/2020 00:20:25.943997","足交足控",
"933","26/5/2020 07:33:05.922985","26/5/2020 07:33:05.923713","欧美拳交",
"934","26/5/2020 07:33:07.519525","26/8/2020 00:50:43.846959","国产COS",
"935","26/5/2020 07:33:42.660803","20/8/2020 03:14:43.002398","3D动画",
"936","26/5/2020 07:35:52.529487","26/8/2020 00:49:57.615859","紧身衣",
"937","26/5/2020 07:36:56.363717","4/6/2020 00:41:12.967134","丑闻",
"938","26/5/2020 07:40:54.76001","27/5/2020 09:27:45.006463","裸贷",
"939","26/5/2020 07:41:07.649148","24/8/2020 10:14:31.275767","粉丝答谢祭",
"940","26/5/2020 07:43:24.851332","27/8/2020 03:30:21.938673","AV解说",
"941","26/5/2020 07:45:29.718292","23/8/2020 01:06:02.155733","迷奸",
"942","26/5/2020 07:53:26.484651","26/8/2020 00:50:45.20036","和服/丧服",
"943","26/5/2020 07:53:35.942544","25/8/2020 04:36:43.858738","偶像",
"944","26/5/2020 07:55:10.042387","26/5/2020 08:13:33.151783","李宗瑞",
"945","26/5/2020 08:13:02.662086","21/8/2020 02:32:23.051579","台湾swag中文AV",
"946","26/5/2020 08:14:19.005432","24/8/2020 10:14:53.216204","女上司/领导",
"947","26/5/2020 08:17:26.391566","15/8/2020 01:16:27.59304","校花",
"948","26/5/2020 08:22:22.874844","21/8/2020 02:32:26.273729","腿控",
"949","26/5/2020 08:22:22.895593","20/8/2020 03:14:43.005386","近亲乱伦",
"950","26/5/2020 08:22:58.912164","21/8/2020 02:32:44.268443","宿舍",
"951","26/5/2020 08:23:11.83701","20/8/2020 03:14:48.080141","触手",
"952","26/5/2020 08:23:11.842763","26/5/2020 08:23:11.843443","校园纯爱",
"953","26/5/2020 08:25:18.171433","30/7/2020 00:51:49.656513","换妻",
"954","26/5/2020 08:34:59.214319","3/8/2020 00:32:30.648076","按摩桑拿",
"955","26/5/2020 08:39:01.56452","26/8/2020 00:51:10.964163","特别企划",
"956","26/5/2020 08:39:40.431125","27/8/2020 03:30:26.811571","业余素人",
"957","26/5/2020 08:42:53.930743","27/8/2020 03:30:20.222459","咸湿重口",
"958","26/5/2020 08:43:25.40312","25/8/2020 04:36:52.827291","学生",
"959","26/5/2020 08:47:54.665961","27/8/2020 03:30:25.264798","高清无码",
"960","26/5/2020 08:48:43.74326","29/6/2020 01:35:47.289824","网吧",
"961","26/5/2020 08:50:04.678506","15/8/2020 01:16:27.590275","商场",
"962","26/5/2020 08:57:31.869615","27/5/2020 06:31:25.149709","粪便",
"963","26/5/2020 09:09:56.7713","28/7/2020 23:48:58.771024","服务生",
"964","26/5/2020 09:27:10.112225","24/8/2020 10:14:32.9705","集体性爱",
"965","26/5/2020 09:33:48.358236","26/8/2020 00:49:54.619212","青春荡漾",
"966","26/5/2020 09:35:50.019289","30/7/2020 00:51:37.894034","青梅竹马",
"967","26/5/2020 09:36:08.787093","26/7/2020 23:57:20.3676","泼辣太妹",
"968","26/5/2020 09:38:20.829304","23/8/2020 01:06:10.734526","首次亮相",
"969","26/5/2020 09:39:26.13437","1/7/2020 01:05:16.034975","教授",
"970","26/5/2020 09:41:38.079123","20/8/2020 03:14:48.083252","剧情向",
"971","26/5/2020 09:45:47.918829","16/6/2020 00:44:14.46223","4秒插入",
"972","26/5/2020 09:45:49.557721","31/7/2020 00:20:43.19191","流汗",
"973","26/5/2020 09:52:43.823618","26/7/2020 23:58:03.143581","恶作剧",
"974","26/5/2020 09:54:43.056593","14/7/2020 02:43:52.109699","格斗家",
"975","26/5/2020 09:54:48.185477","21/7/2020 01:34:02.069183","正太控",
"976","26/5/2020 09:59:57.582213","27/8/2020 03:30:30.644171","女搜查官",
"977","26/5/2020 10:00:08.130964","26/8/2020 00:50:57.013425","当红女优",
"978","27/5/2020 01:28:02.261813","26/8/2020 00:51:06.164715","女检察官",
"979","27/5/2020 01:28:47.385243","9/7/2020 00:57:22.782804","韩国",
"980","27/5/2020 01:28:49.315501","24/8/2020 10:14:01.308047","人气排行",
"981","27/5/2020 01:35:30.849736","26/7/2020 23:57:33.826529","奇异奇特",
"982","27/5/2020 01:36:09.320402","23/8/2020 01:06:05.474176","公众野战",
"983","27/5/2020 01:36:09.323739","25/8/2020 04:36:29.41536","重口变态",
"984","27/5/2020 01:41:23.566061","20/8/2020 03:16:32.597961","肌肉",
"985","27/5/2020 01:43:38.366187","27/5/2020 11:08:57.716012","深夜综艺",
"986","27/5/2020 01:45:53.756161","23/8/2020 01:06:08.517443","热门女优",
"987","27/5/2020 01:46:40.754704","30/6/2020 03:34:49.248358","早漏",
"988","27/5/2020 01:52:08.324294","27/5/2020 02:40:05.211593","交换伴侣",
"989","27/5/2020 01:58:45.061949","27/5/2020 17:08:51.779785","飞机",
"990","27/5/2020 02:01:24.708565","27/5/2020 14:04:52.0118","三级片",
"991","27/5/2020 02:01:46.361266","27/5/2020 13:31:38.346555","DorcelClub",
"992","27/5/2020 02:01:49.748571","26/8/2020 00:49:59.255327","中国台湾",
"993","27/5/2020 02:24:09.039765","26/7/2020 23:57:02.457306","性爱巴士",
"994","27/5/2020 02:48:50.441882","26/8/2020 00:50:51.145581","pornhub",
"995","27/5/2020 02:49:32.34524","27/8/2020 03:30:15.271298","时间停止",
"996","27/5/2020 02:55:51.489246","31/7/2020 00:20:55.19803","国王游戏",
"997","27/5/2020 02:58:10.103865","27/5/2020 13:26:20.453442","双性",
"998","27/5/2020 03:09:00.180103","27/5/2020 14:56:43.686866","女祭司",
"999","27/5/2020 03:19:25.345622","27/5/2020 17:15:36.788491","wowgirls",
"1000","27/5/2020 03:21:39.595813","17/8/2020 01:09:10.96929","xart",
"1001","27/5/2020 03:27:25.460012","21/7/2020 01:34:32.948229","其他地区",
"1002","27/5/2020 05:16:33.747211","26/7/2020 23:57:20.361473","VR视频",
"1003","27/5/2020 05:16:57.826352","27/5/2020 14:46:43.229378","恐怖",
"1004","27/5/2020 06:10:26.175716","27/5/2020 17:05:17.721756","记者",
"1005","27/5/2020 08:41:16.897565","20/8/2020 03:14:37.9801","俄罗斯",
"1006","27/5/2020 09:35:57.207709","27/5/2020 14:46:43.224011","冒险",
"1007","27/5/2020 09:45:22.650936","20/8/2020 03:16:32.594676","高中女生",
"1008","27/5/2020 09:45:22.65438","25/8/2020 04:37:05.010358","年轻女孩",
"1009","27/5/2020 09:45:22.692409","25/8/2020 04:36:56.104176","国产激情",
"1010","27/5/2020 09:45:22.698522","25/8/2020 04:37:05.132177","中国大陆",
"1011","27/5/2020 09:45:24.058716","25/8/2020 04:36:40.889106","编辑精选",
"1012","27/5/2020 09:45:25.574896","25/8/2020 04:36:56.063324","多P",
"1013","27/5/2020 09:45:31.142231","25/8/2020 04:36:59.68576","萝莉塔",
"1014","27/5/2020 09:45:32.476252","26/7/2020 23:57:27.903443","答谢粉丝",
"1015","27/5/2020 09:45:33.944669","25/8/2020 04:36:56.057562","荡妇",
"1016","27/5/2020 09:45:36.972044","24/8/2020 10:15:02.890866","爆射",
"1017","27/5/2020 09:45:44.02329","25/8/2020 04:36:46.292348","高跟",
"1018","27/5/2020 09:45:48.259391","24/8/2020 10:15:02.9451","潮喷",
"1019","27/5/2020 09:45:51.248925","24/8/2020 10:14:11.237957","出轨",
"1020","27/5/2020 09:45:52.636447","24/8/2020 10:13:58.685783","凌辱",
"1021","27/5/2020 09:45:52.653191","17/8/2020 01:09:10.975014","运动装",
"1022","27/5/2020 09:45:58.202189","25/8/2020 04:36:35.70966","滥交",
"1023","27/5/2020 09:46:01.077782","25/8/2020 04:36:30.580786","人妻/少妇",
"1024","27/5/2020 09:46:12.459383","25/8/2020 04:36:43.883266","跪舔",
"1025","27/5/2020 09:46:12.475195","10/8/2020 04:31:13.359318","楼凤探店",
"1026","27/5/2020 09:46:20.843163","25/8/2020 04:37:05.083317","写真",
"1027","27/5/2020 09:46:36.035294","25/8/2020 04:36:52.399276","泡泡袜",
"1028","27/5/2020 09:46:37.427697","25/8/2020 04:37:05.025423","巨臀",
"1029","27/5/2020 09:46:37.456076","25/8/2020 04:37:05.068052","长腿",
"1030","27/5/2020 09:46:37.459507","25/8/2020 04:37:03.516477","微乳",
"1031","27/5/2020 09:46:44.388715","25/8/2020 04:37:10.918873","成人动漫",
"1032","27/5/2020 09:47:43.59888","25/8/2020 04:36:53.842401","打手枪",
"1033","27/5/2020 09:47:48.26106","7/7/2020 00:58:28.261022","运动员",
"1034","27/5/2020 09:48:01.413564","27/5/2020 16:57:11.036286","变性者",
"1035","27/5/2020 09:48:54.114419","25/8/2020 04:36:52.396601","萝莉角色",
"1036","27/5/2020 09:48:55.564168","15/8/2020 01:16:24.392538","老板娘",
"1037","27/5/2020 09:49:11.518318","25/8/2020 04:36:49.164661","短裤",
"1038","27/5/2020 09:49:26.832276","30/7/2020 00:51:30.135635","黑人演员",
"1039","27/5/2020 09:49:26.850965","15/8/2020 01:16:35.155769","巨屌",
"1040","27/5/2020 09:49:28.25951","27/5/2020 17:06:09.285206","魔鬼系",
"1041","27/5/2020 09:49:31.071701","27/5/2020 17:11:47.098069","双性人",
"1042","27/5/2020 09:49:56.314069","27/5/2020 16:26:18.509373","平胸",
"1043","27/5/2020 09:50:04.187132","23/7/2020 07:22:48.417987","恋乳癖",
"1044","27/5/2020 09:50:19.2135","21/7/2020 01:34:26.147835","胖女人",
"1045","27/5/2020 09:51:18.719391","10/8/2020 04:31:25.091662","婆婆",
"1046","27/5/2020 09:51:37.845023","17/8/2020 01:10:21.115389","嘘嘘",
"1047","27/5/2020 09:51:49.154042","10/8/2020 04:31:05.128645","恋腿癖",
"1048","27/5/2020 09:51:57.870664","25/8/2020 04:36:28.883343","约炮",
"1049","27/5/2020 09:52:19.924152","24/8/2020 10:15:18.037189","已婚妇女",
"1050","27/5/2020 09:53:29.458249","17/8/2020 01:09:06.022291","打飞机",
"1051","27/5/2020 09:53:33.615433","27/5/2020 17:16:25.471757","企画",
"1052","27/5/2020 09:53:33.644098","27/5/2020 12:29:08.54442","藏精阁",
"1053","27/5/2020 09:55:22.331775","25/8/2020 04:36:43.932639","无码短片",
"1054","27/5/2020 09:56:28.868244","28/7/2020 23:48:30.5554","恋物癖",
"1055","27/5/2020 09:57:34.040613","15/8/2020 01:16:38.534309","伴侣",
"1056","27/5/2020 09:57:47.882098","23/6/2020 01:26:19.75431","别墅",
"1057","27/5/2020 09:59:15.349635","27/5/2020 16:55:34.978029","讲师",
"1058","27/5/2020 10:04:55.636479","27/5/2020 13:18:36.30388","男同性恋",
"1059","27/5/2020 10:04:58.622283","24/8/2020 10:15:00.788632","比基尼",
"1060","27/5/2020 10:05:44.940759","20/8/2020 03:16:29.720186","学校",
"1061","27/5/2020 10:07:31.067529","24/8/2020 10:13:55.694509","猫耳女",
"1062","27/5/2020 10:07:38.463047","24/8/2020 10:14:57.000883","无码高清",
"1063","27/5/2020 10:08:14.989947","27/5/2020 14:46:59.945715","青年",
"1064","27/5/2020 10:10:56.82934","27/5/2020 16:44:33.14563","公主",
"1065","27/5/2020 10:14:27.607415","21/7/2020 01:34:35.908476","英文字幕",
"1066","27/5/2020 10:22:30.590814","15/8/2020 01:15:38.990058","学校作品",
"1067","27/5/2020 10:24:30.475671","27/5/2020 16:57:11.04374","惊悚",
"1068","27/5/2020 10:37:30.385214","10/8/2020 04:30:32.153522","残忍画面",
"1069","27/5/2020 10:46:50.234531","27/5/2020 14:50:15.067482","科幻",
"1070","27/5/2020 10:53:48.230468","22/8/2020 00:28:58.165356","门事件",
"1071","27/5/2020 10:53:55.875001","9/7/2020 00:57:22.785515","三级",
"1072","27/5/2020 12:23:28.799387","14/7/2020 03:18:17.858191","女装人妖",
"1073","27/5/2020 12:39:31.317939","27/5/2020 12:42:42.390911","PR社",
"1074","27/5/2020 13:25:57.627272","21/7/2020 01:34:34.485707","中英文字幕",
"1075","27/5/2020 14:21:18.536782","27/5/2020 14:46:43.237402","悬疑",
"1076","27/5/2020 15:08:57.782057","27/5/2020 15:08:57.782772","司机",
"1077","27/5/2020 15:16:36.425967","21/7/2020 01:34:32.945112","其他字幕",
"1078","31/5/2020 02:29:08.425531","3/8/2020 00:32:38.116947","游戏向",
"1079","3/6/2020 00:48:27.049387","18/6/2020 00:54:14.668299","内地三级",
"1080","3/6/2020 00:48:30.491435","15/7/2020 00:38:56.975784","真实",
"1081","8/6/2020 01:00:58.238656","6/8/2020 11:08:42.295555","絲襪?網襪",
"1082","11/6/2020 00:50:10.466199","12/6/2020 00:54:08.994854","GIF封面",
"1083","11/6/2020 00:50:23.825435","15/8/2020 01:15:34.448826","金发",
"1084","12/6/2020 00:54:04.299847","26/8/2020 00:52:46.652203","筋骨柔軟",
"1085","12/6/2020 00:54:04.315271","21/8/2020 02:32:29.272646","清涼穿著",
"1086","12/6/2020 00:54:04.322031","17/8/2020 01:11:04.052665","女性高潮",
"1087","18/6/2020 00:52:35.771579","17/8/2020 01:10:29.615608","老師",
"1088","19/6/2020 00:57:23.623731","31/7/2020 00:20:17.734578","欧美自慰",
"1089","9/7/2020 00:58:38.21806","20/8/2020 03:16:22.932053","人气热点",
"1090","9/7/2020 00:58:38.221428","9/7/2020 00:58:38.222129","麻豆国产AV",
"1091","23/7/2020 07:23:16.972763","26/8/2020 00:52:33.868058","劇情",
"1092","23/7/2020 07:23:17.001761","6/8/2020 11:08:42.291173","搭訕?約炮",
"1093","23/7/2020 07:23:19.224678","26/8/2020 00:52:46.644435","面罩?口罩",
"1094","23/7/2020 07:23:19.239255","26/8/2020 00:52:53.396296","情侶",
"1095","23/7/2020 07:23:21.337491","26/8/2020 00:52:50.768467","親吻",
"1096","23/7/2020 07:23:21.359002","21/8/2020 02:32:16.470523","廁所",
"1097","23/7/2020 07:24:59.54916","20/8/2020 03:15:28.276657","舐睪",
"1098","23/7/2020 07:24:59.565998","26/8/2020 00:52:50.79769","射在肚子",
"1099","23/7/2020 07:25:01.680395","26/8/2020 00:52:44.15016","矇眼",
"1100","23/7/2020 07:25:55.771044","26/8/2020 00:52:33.865274","站位",
"1101","23/7/2020 07:27:10.660433","20/8/2020 03:14:59.205649","足控",
"1102","23/7/2020 07:29:47.350565","26/8/2020 00:51:42.516804","百合",
"1103","24/7/2020 00:50:10.480343","24/7/2020 00:50:10.481052","阿黑颜",
"1104","28/7/2020 23:49:36.251584","28/7/2020 23:49:37.703226","原创视频",
"1105","28/7/2020 23:56:16.886574","28/7/2020 23:56:18.931331","足フェチ",
"1106","28/7/2020 23:56:16.889916","28/7/2020 23:56:16.890608","女演員",
"1107","28/7/2020 23:56:16.917569","28/7/2020 23:56:16.91827","69體位",
"1108","6/8/2020 11:08:56.025818","6/8/2020 11:08:56.027157","攝像紀錄",
"1109","7/8/2020 05:56:21.467181","7/8/2020 05:56:21.468409","攝影",
"1110","7/8/2020 05:56:21.471076","7/8/2020 05:56:21.471768","藝術",
"1111","15/8/2020 01:15:56.805764","17/8/2020 01:09:06.091191","精选无码",
"1112","15/8/2020 01:16:36.912166","15/8/2020 01:16:36.912901","科幻/恐怖",
"1113","17/8/2020 01:09:06.107832","21/8/2020 02:32:20.167139","FC2PPV",
"1114","17/8/2020 01:09:43.833788","26/8/2020 00:52:13.577251","氣質",
"1115","17/8/2020 01:09:54.022747","26/8/2020 00:52:53.371356","可愛",
"1116","17/8/2020 01:10:14.955942","26/8/2020 00:51:51.299057","白皙",
"1117","17/8/2020 01:10:18.491101","17/8/2020 01:11:35.689956","失神",
"1118","17/8/2020 01:10:29.621098","26/8/2020 00:52:44.12463","受辱",
"1119","17/8/2020 01:11:07.675527","17/8/2020 01:11:18.997677","苗條身材",
"1120","17/8/2020 01:11:10.465163","20/8/2020 03:15:09.743727","二穴同揷",
"1121","17/8/2020 01:11:16.047697","17/8/2020 01:11:16.048474","招待會所",
"1122","17/8/2020 01:11:22.916941","20/8/2020 03:15:35.928686","母",
"1123","17/8/2020 01:11:25.840325","17/8/2020 01:11:25.841045","動物系",
"1124","17/8/2020 01:11:32.221595","26/8/2020 00:52:40.860304","金髮",
"1125","17/8/2020 01:11:32.246031","17/8/2020 01:11:32.24677","流氓?太妹",
"1126","17/8/2020 01:11:38.164447","17/8/2020 01:11:38.165484","身材高?",
"1127","17/8/2020 01:11:38.179156","17/8/2020 01:11:38.179883","泳衣",
"1128","18/8/2020 01:54:11.168777","18/8/2020 01:54:11.170884","肚兜",
"1129","18/8/2020 01:54:11.19137","18/8/2020 01:54:11.192058","火車便當",
"1130","20/8/2020 03:14:44.749397","20/8/2020 03:14:44.752865","魔鏡號",
"1131","20/8/2020 03:15:09.740367","20/8/2020 03:15:09.741126","淫亂?重口味",
"1132","20/8/2020 03:15:28.285568","20/8/2020 03:15:28.286347","淫亂重口味",
"1133","20/8/2020 03:15:28.289081","20/8/2020 03:15:28.289785","口爆精飲",
"1134","21/8/2020 02:32:23.362365","21/8/2020 02:32:23.363037","奇幻",
"1135","21/8/2020 02:32:23.370753","21/8/2020 02:32:23.371422","爺爺",
"1136","26/8/2020 00:51:48.735285","26/8/2020 00:51:48.73604","風俗娘",
"1137","26/8/2020 00:52:08.08828","26/8/2020 00:52:08.089042","電影",
"1138","26/8/2020 00:52:40.85411","26/8/2020 00:52:40.854899","口罩",
"1139","26/8/2020 00:52:58.97674","26/8/2020 00:52:58.977452","秘書",
